Time,y,ydot,x,xdot,normal force on latch x,normal force on load y,frictional force on latch x,frictional force on load y,spring force,unlatching motor force
0,-0.00182780671361026,0,0,0,0,1.30505723571934,-0,-0,1.30505723571934,0.25
0.00012012012012012,-0.00182780671361026,0,5.99200786322314e-07,0.00996007661114982,0,1.30505723571934,-0,-0,1.30505723571934,0.247509980847213
0.00024024024024024,-0.00182780671361026,0,2.38883910574898e-06,0.0198209500945409,0,1.30505723571934,-0,-0,1.30505723571934,0.245044762476365
0.00036036036036036,-0.00182780671361026,0,5.35705728366892e-06,0.0295836085897243,0,1.30505723571934,-0,-0,1.30505723571934,0.242604097852569
0.00048048048048048,-0.00182780671361026,0,9.49211470951462e-06,0.0392490304809138,0,1.30505723571934,-0,-0,1.30505723571934,0.240187742379772
0.000600600600600601,-0.00182780671361026,0,1.47823934684982e-05,0.0488181839276752,0,1.30505723571934,-0,-0,1.30505723571934,0.237795454018081
0.000720720720720721,-0.00182780671361026,0,2.12163890156931e-05,0.0582920276420856,0,1.30505723571934,-0,-0,1.30505723571934,0.235426993089479
0.000840840840840841,-0.00182780671361026,0,2.87827090947732e-05,0.067671510978839,0,1.30505723571934,-0,-0,1.30505723571934,0.23308212225529
0.000960960960960961,-0.00182780671361026,0,3.7470073738013e-05,0.0769575739352456,0,1.30505723571934,-0,-0,1.30505723571934,0.230760606516189
0.00108108108108108,-0.00182780671361026,0,4.72673149974016e-05,0.0861511471736399,0,1.30505723571934,-0,-0,1.30505723571934,0.22846221320659
0.0012012012012012,-0.00182780671361026,0,5.81633731382421e-05,0.0952531523385799,0,1.30505723571934,-0,-0,1.30505723571934,0.226186711915355
0.00132132132132132,-0.00182780671361026,0,7.01473094195827e-05,0.104264500991812,0,1.30505723571934,-0,-0,1.30505723571934,0.223933874752047
0.00144144144144144,-0.00182780671361026,0,8.32082941640464e-05,0.11318609560645,0,1.30505723571934,-0,-0,1.30505723571934,0.221703476098388
0.00156156156156156,-0.00182780671361026,0,9.73356017456386e-05,0.12201882998466,0,1.30505723571934,-0,-0,1.30505723571934,0.219495292503835
0.00168168168168168,-0.00182780671361026,0,0.000112518610589747,0.130763589257661,0,1.30505723571934,-0,-0,1.30505723571934,0.217309102685585
0.0018018018018018,-0.00182780671361026,0,0.00012874680317314,0.139421249885722,0,1.30505723571934,-0,-0,1.30505723571934,0.21514468752857
0.00192192192192192,-0.00182780671361026,0,0.00014600976602397,0.147992679658163,0,1.30505723571934,-0,-0,1.30505723571934,0.213001830085459
0.00204204204204204,-0.00182780671361026,0,0.000164297189600165,0.15647873770349,0,1.30505723571934,-0,-0,1.30505723571934,0.210880315574128
0.00216216216216216,-0.00182780671361026,0,0.000183598866545353,0.164880274634734,0,1.30505723571934,-0,-0,1.30505723571934,0.208779931341316
0.00228228228228228,-0.00182780671361026,0,0.00020390470070461,0.173198131798139,0,1.30505723571934,-0,-0,1.30505723571934,0.206700467050465
0.0024024024024024,-0.00182780671361026,0,0.000225204696191465,0.181433142184245,0,1.30505723571934,-0,-0,1.30505723571934,0.204641714453939
0.00252252252252252,-0.00182780671361026,0,0.000247488953058223,0.189586130788692,0,1.30505723571934,-0,-0,1.30505723571934,0.202603467302827
0.00264264264264264,-0.00182780671361026,0,0.000270747667295969,0.197657914612223,0,1.30505723571934,-0,-0,1.30505723571934,0.200585521346944
0.00276276276276276,-0.00182780671361026,0,0.000294971130834566,0.205649302660683,0,1.30505723571934,-0,-0,1.30505723571934,0.198587674334829
0.00288288288288288,-0.00182780671361026,0,0.000320149731542655,0.213561095945019,0,1.30505723571934,-0,-0,1.30505723571934,0.196609726013745
0.003003003003003,-0.00182780671361026,0,0.000346273953217914,0.221394087482091,0,1.30505723571934,-0,-0,1.30505723571934,0.194651478129477
0.00312312312312312,-0.00182780671361026,0,0.000373334373522206,0.229149062466743,0,1.30505723571934,-0,-0,1.30505723571934,0.192712734383314
0.00324324324324324,-0.00182780671361026,0,0.000401321672289323,0.236826797579493,0,1.30505723571934,-0,-0,1.30505723571934,0.190793300605127
0.00336336336336336,-0.00182780671361026,0,0.000430226623685343,0.244428061639835,0,1.30505723571934,-0,-0,1.30505723571934,0.188892984590041
0.00348348348348348,-0.00182780671361026,0,0.000460040090227276,0.251953616104684,0,1.30505723571934,-0,-0,1.30505723571934,0.187011595973829
0.0036036036036036,-0.00182780671361026,0,0.000490753022783061,0.259404215068378,0,1.30505723571934,-0,-0,1.30505723571934,0.185148946232905
0.00372372372372372,-0.00182780671361026,0,0.000522356460571569,0.266780605262679,0,1.30505723571934,-0,-0,1.30505723571934,0.18330484868433
0.00384384384384384,-0.00182780671361026,0,0.000554841531162601,0.27408352605677,0,1.30505723571934,-0,-0,1.30505723571934,0.181479118485807
0.00396396396396396,-0.00182780671361026,0,0.000588199450476889,0.281313709457256,0,1.30505723571934,-0,-0,1.30505723571934,0.179671572635686
0.00408408408408408,-0.00182780671361026,0,0.000622421521345325,0.28847188022823,0,1.30505723571934,-0,-0,1.30505723571934,0.177882029942942
0.0042042042042042,-0.00182780671361026,0,0.000657499138109359,0.295558755507904,0,1.30505723571934,-0,-0,1.30505723571934,0.176110311123024
0.00432432432432432,-0.00182780671361026,0,0.000693423786028779,0.302575044857962,0,1.30505723571934,-0,-0,1.30505723571934,0.174356238785509
0.00444444444444444,-0.00182780671361026,0,0.000730187031817497,0.309521451052246,0,1.30505723571934,-0,-0,1.30505723571934,0.172619637236939
0.00456456456456456,-0.00182780671361026,0,0.000767780523443516,0.316398670093421,0,1.30505723571934,-0,-0,1.30505723571934,0.170900332476645
0.00468468468468468,-0.00182780671361026,0,0.00080619599012893,0.32320739121298,0,1.30505723571934,-0,-0,1.30505723571934,0.169198152196755
0.0048048048048048,-0.00182780671361026,0,0.000845425242349921,0.32994829687124,0,1.30505723571934,-0,-0,1.30505723571934,0.16751292578219
0.00492492492492492,-0.00182780671361026,0,0.000885460171836765,0.336622062757347,0,1.30505723571934,-0,-0,1.30505723571934,0.165844484310663
0.00504504504504504,-0.00182780671361026,0,0.000926292751990863,0.343229357754515,0,1.30505723571934,-0,-0,1.30505723571934,0.164192660561371
0.00516516516516517,-0.00182780671361026,0,0.00096791504116893,0.349770843666353,0,1.30505723571934,-0,-0,1.30505723571934,0.162557289083412
0.00528528528528528,-0.00182721436007879,0.0204695773787127,0.0010103292964563,0.356942808383246,0.0718137233878488,1.25226777437886,-0,-0,1.30413636484161,0.160764297904189
0.0054054054054054,-0.00182472359292863,0.0210007369333309,0.00105376260263341,0.366205021257371,0.0716240501274927,1.24896030471429,-0,-0,1.30027018990674,0.158448744685657
0.00552552552552552,-0.00182216936745087,0.021526166634303,0.00109830247751261,0.375367318534109,0.0714290496469464,1.24555994046277,-0,-0,1.29631550302131,0.156158170366473
0.00564564564564564,-0.00181955236924409,0.0220459115006111,0.00114393696581573,0.384430485241974,0.0712288254639429,1.24206848673779,-0,-0,1.29227408861646,0.153892378689507
0.00576576576576577,-0.00181687327836839,0.0225600163310789,0.00119065420884395,0.393395302570415,0.0710234807994348,1.23848774347769,-0,-0,1.288147726096,0.151651174357396
0.00588588588588589,-0.00181413276958594,0.0230685257176003,0.00123844244028185,0.402262548100503,0.0708131185600943,1.23481950514043,-0,-0,1.2839381895145,0.149434362974874
0.00600600600600601,-0.00181133151237531,0.0235714840459289,0.00128728998594755,0.411032995818689,0.0705978413013273,1.23106556005873,-0,-0,1.27964724692334,0.147241751045328
0.00612612612612613,-0.00180847017093154,0.0240689354956785,0.00133718526379266,0.419707416116814,0.0703777511901165,1.22722768979207,-0,-0,1.27527665971446,0.145073145970797
0.00624624624624625,-0.00180554940419612,0.0245609240418019,0.00138811678337824,0.428286575817899,0.0701529499716592,1.22330766854495,-0,-0,1.27082818202973,0.142928356045525
0.00636636636636637,-0.0018025698660747,0.0250474934650468,0.00144007314207924,0.436771238358467,0.0699235389536814,1.21930726289338,-0,-0,1.26630356047378,0.140807190410383
0.00648648648648649,-0.00179953220464224,0.025528687311519,0.00149304303894419,0.445162163083427,0.06968961890206,1.21522822996475,-0,-0,1.26170453230988,0.138709459229143
0.00660660660660661,-0.00179643706271843,0.0260045489203521,0.00154701526466175,0.45346010572856,0.0694512900594719,1.21107231776303,-0,-0,1.25703282576246,0.13663497356786
0.00672672672672673,-0.00179328507806501,0.0264751214334029,0.00160197869811999,0.461665818589588,0.0692086521311021,1.20684126491957,-0,-0,1.25229015975523,0.134583545352603
0.00684684684684685,-0.00179007688338573,0.0269404477952515,0.00165792230640637,0.469780050522179,0.0689618042538575,1.20253680015623,-0,-0,1.24747824336747,0.132554987369455
0.00696696696696697,-0.00178681310632639,0.0274005707532009,0.00171483514480776,0.477803546941937,0.0687108449666529,1.19816064176726,-0,-0,1.24259877530929,0.130549113264516
0.00708708708708709,-0.00178349436947481,0.0278555328572775,0.00177270635681042,0.485737049824412,0.0684558721817612,1.19371449711968,-0,-0,1.23765344341564,0.128565737543897
0.00720720720720721,-0.00178012129036085,0.0283053764602309,0.00183152517410001,0.493581297705094,0.0681969831572184,1.18920006217214,-0,-0,1.23264392415896,0.126604675573727
0.00732732732732733,-0.00177669448145642,0.0287501437175337,0.00189128091656159,0.501337025679414,0.067934274470274,1.18461902101189,-0,-0,1.22757188218028,0.124665743580147
0.00744744744744745,-0.0017732145502246,0.0291898765879946,0.00195196299142262,0.509004965413429,0.0676678419960066,1.17997304548197,-0,-0,1.222438969911,0.122748758646643
0.00756756756756757,-0.00176968209906936,0.0296246168210984,0.00201356089412956,0.516585844923068,0.0673977808778872,1.17526379466778,-0,-0,1.21724682706528,0.120853538769233
0.00768768768768769,-0.001766097724815,0.0300544059437714,0.00207606421742625,0.524080388343345,0.0671241854604727,1.17049291372354,-0,-0,1.21199707946424,0.118979902914164
0.00780780780780781,-0.00176246201938895,0.030479285286575,0.00213946263944641,0.531489316385116,0.0668471493254741,1.16566203450115,-0,-0,1.2066913396475,0.117127670903721
0.00792792792792793,-0.00175877556990766,0.0308992959861618,0.00220374592221615,0.53881334637791,0.0665667652772276,1.16077277529685,-0,-0,1.2013312066142,0.115296663405522
0.00804804804804805,-0.00175503895867664,0.0313144789852753,0.00226890391165391,0.546053192269925,0.0662831253218073,1.15582674048703,-0,-0,1.19591826545407,0.113486701932519
0.00816816816816817,-0.0017512527631904,0.0317248750327503,0.00233492653757052,0.553209564628031,0.0659963206470878,1.15082552018053,-0,-0,1.19045408699539,0.111697608842992
0.00828828828828829,-0.0017474175561325,0.0321305246835127,0.00240180381366913,0.560283170637766,0.0657064416037438,1.14577068988735,-0,-0,1.18494022746937,0.109929207340558
0.00840840840840841,-0.00174353390537552,0.0325314682985795,0.00246952583754528,0.567274714103344,0.0654135776871731,1.14066381020337,-0,-0,1.17937822819094,0.108181321474164
0.00852852852852853,-0.00173960237398108,0.0329277460450588,0.00253808279068685,0.574184895447644,0.0651178175203284,1.13550642651106,-0,-0,1.17376961525552,0.106453776138089
0.00864864864864865,-0.00173562352019981,0.0333193978961497,0.00260746493847407,0.58101441171222,0.0648192488374455,1.13030006869567,-0,-0,1.16811589925165,0.104746397071945
0.00876876876876877,-0.00173159789764332,0.0337064636262114,0.00267766262718163,0.587763956471301,0.0645179584821297,1.12504625111187,-0,-0,1.162418575232,0.103059010882175
0.00888888888888889,-0.00172752605468114,0.0340889827826125,0.00274866629449362,0.59443421934093,0.0642140323429729,1.11974647146109,-0,-0,1.15667912160369,0.101391445164767
0.00900900900900901,-0.00172340853461826,0.0344669947059328,0.00282046646640865,0.601025886331212,0.0639075553557723,1.11440221083019,-0,-0,1.15089900014782,0.0997435284171971
0.00912912912912913,-0.00171924587621128,0.0348405385419643,0.00289305374823855,0.607539640055606,0.063598611532553,1.10901493419754,-0,-0,1.14507965652035,0.0981150899860986
0.00924924924924925,-0.00171503861366879,0.0352096532417158,0.00296641882460213,0.613976159730987,0.0632872839491562,1.1035860902166,-0,-0,1.13922252003296,0.0965059600672532
0.00936936936936937,-0.00171078727665139,0.0355743775614119,0.00304055245942516,0.620336121177645,0.0629736547335937,1.09811711101284,-0,-0,1.1333290034473,0.0949159697055887
0.00948948948948949,-0.00170649239027164,0.0359347500624936,0.00311544549594037,0.626620196819284,0.0626578050551845,1.09260941199432,-0,-0,1.12740050278317,0.0933449507951791
0.00960960960960961,-0.00170215447509411,0.0362908091116181,0.00319108885668742,0.63282905568302,0.0623398151144569,1.08706439167558,-0,-0,1.12143839714021,0.091792736079245
0.00972972972972973,-0.00169777404713533,0.0366425928806588,0.00326747354351298,0.638963363399388,0.0620197641338026,1.08148343151471,-0,-0,1.1154440485328,0.0902591591501531
0.00984984984984985,-0.00169335161786386,0.0369901393467052,0.00334459063757062,0.645023782202333,0.0616977303488657,1.07586789576314,-0,-0,1.10941880173799,0.0887440544494168
0.00996996996996997,-0.00168888769420023,0.0373334862920633,0.00342243129932093,0.651010970929217,0.0613737910006517,1.07021913132809,-0,-0,1.10336398415619,0.0872472572676957
0.0100900900900901,-0.00168438277864715,0.0376726713011414,0.0035009867662607,0.656925584966522,0.0610480223381048,1.06453846781749,-0,-0,1.09728090585964,0.0857686037583694
0.0102102102102102,-0.00167983736901966,0.0380077317291091,0.00358024835762977,0.662768275703326,0.0607204995891614,1.0588272170352,-0,-0,1.0911708591117,0.0843079310741685
0.0103303303303303,-0.00167525195798581,0.03833870471307,0.00366020748241932,0.668539690726132,0.0603912969210664,1.05308667228906,-0,-0,1.08503511765518,0.082865077318467
0.0104504504504504,-0.0016706270339091,0.0386656271919357,0.00374085562468227,0.674240474165426,0.0600604875007321,1.04731810944337,-0,-0,1.07887493775891,0.0814398814586434
0.0105705705705706,-0.00166596308088802,0.0389885359067208,0.00382218434284335,0.679871266700825,0.0597281434927748,1.04152278688469,-0,-0,1.07269155818289,0.0800321833247938
0.0106906906906907,-0.00166126057875609,0.0393074674005431,0.00390418526969912,0.685432705561071,0.0593943360551241,1.03570194544522,-0,-0,1.06648620010064,0.0786418236097322
0.0108108108108108,-0.0016565200030818,0.0396224580186234,0.00398685011241801,0.690925424524038,0.0590591353352365,1.02985680833686,-0,-0,1.06026006703241,0.0772686438689905
0.0109309309309309,-0.00165174182516867,0.0399335439082857,0.00407017065254023,0.696350053916726,0.0587226104668993,1.0239885810954,-0,-0,1.05401434478869,0.0759124865208184
0.011051051051051,-0.00164692651205521,0.0402407610189571,0.00415413874597785,0.701707220615266,0.0583848295676098,1.01809845153483,-0,-0,1.04775020142394,0.0745731948461835
0.0111711711711712,-0.00164207452651492,0.0405441451021676,0.00423874632301478,0.706997548044916,0.0580458597365139,1.01218758971145,-0,-0,1.04146878720019,0.0732506129887709
0.0112912912912913,-0.00163718632705634,0.0408437317115506,0.00432398538830674,0.712221656180064,0.0577057670528911,1.00625714789739,-0,-0,1.03517123456026,0.0719445859549841
0.0114114114114114,-0.00163226236792299,0.0411395562028423,0.00440984802088129,0.717380161544225,0.0573646165751686,1.00030826056344,-0,-0,1.02885865811037,0.0706549596139437
0.0115315315315315,-0.00162730309893518,0.0414316537158754,0.00449632637689642,0.722473676896048,0.0570224723280623,0.994342044154823,-0,-0,1.02253215441057,0.069381580775988
0.0116516516516517,-0.00162230896528312,0.0417200591376213,0.00458341269324917,0.727502810584855,0.0566793972860209,0.9883595968025,-0,-0,1.0161928017182,0.0681242973537863
0.0117717717717718,-0.00161728040834556,0.0420048071830847,0.0046710992732991,0.732468167961264,0.0563354534372585,0.982361999439738,-0,-0,1.00984166104021,0.066882958009684
0.0118918918918919,-0.001612217865374,0.0422859323651762,0.00475937849237603,0.737370350851828,0.0559907017598543,0.97635031538536,-0,-0,1.00347977574026,0.0656574122870431
0.012012012012012,-0.00160712176948088,0.0425634689907863,0.00484824279798568,0.742209957490579,0.0556452022219042,0.970325590346372,-0,-0,0.997108171545294,0.0644475106273553
0.0121321321321321,-0.00160199254967725,0.0428374511614275,0.00493768470915221,0.746987582530231,0.0552990137858672,0.964288852493769,-0,-0,0.99072785662161,0.0632531043674423
0.0122522522522523,-0.00159683143261854,0.0430645275479583,0.00502768283579869,0.750947277526675,0.055736107681918,0.971910774524548,-0,-0,0.984340811237738,0
0.0123723723723724,-0.00159165084653359,0.0431920925553957,0.00511802045792066,0.753171720716864,0.0553749634658149,0.965613241930581,-0,-0,0.977962737751132,0
0.0124924924924925,-0.00158645498709218,0.0433188292398857,0.00520862441259289,0.755381719841424,0.0550146288794319,0.959329827434934,-0,-0,0.971598962923125,0
0.0126126126126126,-0.00158124395368112,0.0434447394761635,0.00529949296673587,0.757577307591464,0.0546551175442748,0.953060768565646,-0,-0,0.965249727319568,0
0.0127327327327327,-0.00157601784545848,0.0435698251699035,0.00539062439125892,0.759758517197606,0.054296442851085,0.94680629882675,-0,-0,0.958915267430841,0
0.0128528528528529,-0.00157077676124312,0.0436940882502064,0.00548201696298568,0.761925382298972,0.0539386179535323,0.940566647588285,-0,-0,0.952595815560462,0
0.012972972972973,-0.00156552079970317,0.0438175306838359,0.00557366896136917,0.764077937191445,0.0535816557824063,0.934342040333776,-0,-0,0.946291600075726,0
0.0130930930930931,-0.00156025005938543,0.0439401544745064,0.00566557866797748,0.766216216815237,0.0532255690487201,0.928132698714337,-0,-0,0.940002845462504,0
0.0132132132132132,-0.00155496463856912,0.0440619616516237,0.00575774436904484,0.768340256558563,0.0528703702349894,0.921938840396612,-0,-0,0.93372977217124,0
0.0133333333333333,-0.00154966463526586,0.0441829542702851,0.00585016435547171,0.770450092257641,0.0525160715965988,0.915760679086599,-0,-0,0.927472596641078,0
0.0134534534534535,-0.00154435014721971,0.0443031344112796,0.00594283692282466,0.772545760196691,0.0521626851631877,0.909598424553807,-0,-0,0.921231531324327,0
0.0135273851559329,-0.00154107201973271,0.0443767000446433,0.00600000000000005,0.773828577290933,0.0519456410064488,0.905813668795727,-0,-0,0.917398371274149,0
0.0135273851559329,-0.00154107201973271,0.0443767000446433,0.00600000000000005,0,0,0,0,0,0.917398371274149,0
0.0135373265647796,-0.00154062696777494,0.0451582135562512,0.00600000000000005,0,0,0,0,0,0.916878933940392,0
0.0135472679736262,-0.00154017414868439,0.0459392806820904,0.00600000000000005,0,0,0,0,0,0.916350668496115,0
0.0135572093824728,-0.00153971356693623,0.0467198939067998,0.00600000000000005,0,0,0,0,0,0.915813592359479,0
0.0135671507913195,-0.00153924522708021,0.0475000457300441,0.00600000000000005,0,0,0,0,0,0.915267723225597,0
0.0135770922001661,-0.00153876913374045,0.0482797286668822,0.00600000000000005,0,0,0,0,0,0.914713079065198,0
0.0135870336090128,-0.00153828529161543,0.0490589352477669,0.00600000000000005,0,0,0,0,0,0.914149678123539,0
0.0135969750178594,-0.00153779370546457,0.049837658040367,0.00600000000000005,0,0,0,0,0,0.913577538903624,0
0.0136069164267061,-0.00153729438012868,0.0506158896173258,0.00600000000000005,0,0,0,0,0,0.912996680188975,0
0.0136168578355527,-0.00153678732053793,0.0513936225424188,0.00600000000000005,0,0,0,0,0,0.912407121051716,0
0.0136267992443993,-0.00153627253169423,0.0521708493985079,0.00600000000000005,0,0,0,0,0,0.911808880830875,0
0.013636740653246,-0.00153575001867122,0.0529475627875419,0.00600000000000005,0,0,0,0,0,0.911201979131217,0
0.0136466820620926,-0.00153521978661424,0.0537237553305561,0.00600000000000005,0,0,0,0,0,0.910586435822069,0
0.0136566234709393,-0.00153468184074036,0.0544994196676728,0.00600000000000005,0,0,0,0,0,0.909962271036126,0
0.0136665648797859,-0.00153413618633838,0.0552745484581005,0.00600000000000005,0,0,0,0,0,0.909329505168242,0
0.0136765062886326,-0.00153358282876881,0.0560491343801348,0.00600000000000005,0,0,0,0,0,0.908688158874209,0
0.0136864476974792,-0.00153302177346388,0.0568231701311579,0.00600000000000005,0,0,0,0,0,0.908038253069521,0
0.0136963891063259,-0.00153245302592757,0.0575966484276384,0.00600000000000005,0,0,0,0,0,0.907379808928125,0
0.0137063305151725,-0.00153187659173555,0.058369562005132,0.00600000000000005,0,0,0,0,0,0.906712847881149,0
0.0137162719240191,-0.00153129247653523,0.0591419036182808,0.00600000000000005,0,0,0,0,0,0.906037391615632,0
0.0137262133328658,-0.00153070068604572,0.0599136660408136,0.00600000000000005,0,0,0,0,0,0.905353462073222,0
0.0137361547417124,-0.00153010122605789,0.0606848420655461,0.00600000000000005,0,0,0,0,0,0.904661081448877,0
0.0137460961505591,-0.00152949410243429,0.0614554245043803,0.00600000000000005,0,0,0,0,0,0.903960272189536,0
0.0137560375594057,-0.00152887932110923,0.0622254061883053,0.00600000000000005,0,0,0,0,0,0.903251056992792,0
0.0137659789682524,-0.0015282568880887,0.0629947799673966,0.00600000000000005,0,0,0,0,0,0.902533458805538,0
0.013775920377099,-0.00152762680945046,0.0637635387108165,0.00600000000000005,0,0,0,0,0,0.901807500822611,0
0.0137858617859457,-0.00152698909134396,0.0645316753068139,0.00600000000000005,0,0,0,0,0,0.90107320648541,0
0.0137958031947923,-0.00152634373999037,0.0652991826627244,0.00600000000000005,0,0,0,0,0,0.900330599480518,0
0.0138057446036389,-0.0015256907616826,0.0660660537049705,0.00600000000000005,0,0,0,0,0,0.899579703738291,0
0.0138156860124856,-0.00152503016278527,0.0668322813790611,0.00600000000000005,0,0,0,0,0,0.898820543431453,0
0.0138256274213322,-0.00152436194973474,0.0675978586495918,0.00600000000000005,0,0,0,0,0,0.898053142973663,0
0.0138355688301789,-0.00152368612903906,0.0683627785002451,0.00600000000000005,0,0,0,0,0,0.897277527018081,0
0.0138455102390255,-0.00152300270627618,0.0691270350186416,0.00600000000000005,0,0,0,0,0,0.896493719307304,0
0.0138554516478722,-0.00152231168724955,0.0698906221856004,0.00600000000000005,0,0,0,0,0,0.895701743999861,0
0.0138653930567188,-0.00152161307890192,0.0706535328616523,0.00600000000000005,0,0,0,0,0,0.894901626714463,0
0.0138753344655654,-0.00152090688823298,0.0714157599376424,0.00600000000000005,0,0,0,0,0,0.894093393285867,0
0.0138852758744121,-0.00152019312229931,0.0721772963347302,0.00600000000000005,0,0,0,0,0,0.893277069763418,0
0.0138952172832587,-0.00151947178821439,0.0729381350043899,0.00600000000000005,0,0,0,0,0,0.892452682409582,0
0.0139051586921054,-0.0015187428931486,0.0736982689284097,0.00600000000000005,0,0,0,0,0,0.891620257698466,0
0.013915100100952,-0.00151800644432924,0.0744576911188926,0.00600000000000005,0,0,0,0,0,0.890779822314333,0
0.0139250415097987,-0.0015172624490405,0.075216394618256,0.00600000000000005,0,0,0,0,0,0.889931403150105,0
0.0139349829186453,-0.00151651091462347,0.0759743724992314,0.00600000000000005,0,0,0,0,0,0.889075027305855,0
0.013944924327492,-0.00151575184847616,0.0767316178648653,0.00600000000000005,0,0,0,0,0,0.888210722087295,0
0.0139548657363386,-0.00151498525805347,0.0774881238485182,0.00600000000000005,0,0,0,0,0,0.887338515004249,0
0.0139648071451852,-0.0015142111508672,0.078243883613865,0.00600000000000005,0,0,0,0,0,0.88645843376912,0
0.0139747485540319,-0.00151342953448607,0.0789988903548954,0.00600000000000005,0,0,0,0,0,0.885570506295348,0
0.0139846899628785,-0.0015126404165357,0.0797531372959133,0.00600000000000005,0,0,0,0,0,0.884674760695859,0
0.0139946313717252,-0.00151184380469859,0.0805066176915371,0.00600000000000005,0,0,0,0,0,0.883771225281503,0
0.0140045727805718,-0.00151103970671417,0.0812593248266994,0.00600000000000005,0,0,0,0,0,0.882859928559491,0
0.0140145141894185,-0.00151022813037876,0.0820112520166477,0.00600000000000005,0,0,0,0,0,0.881940899231812,0
0.0140244555982651,-0.00150940908354559,0.0827623926069435,0.00600000000000005,0,0,0,0,0,0.881014166193654,0
0.0140343970071117,-0.0015085825741248,0.083512739973463,0.00600000000000005,0,0,0,0,0,0.880079758531806,0
0.0140443384159584,-0.00150774861008342,0.0842622875223967,0.00600000000000005,0,0,0,0,0,0.879137705523061,0
0.014054279824805,-0.00150690719944538,0.0850110286902496,0.00600000000000005,0,0,0,0,0,0.878188036632606,0
0.0140642212336517,-0.00150605835029153,0.0857589569438412,0.00600000000000005,0,0,0,0,0,0.877230781512405,0
0.0140741626424983,-0.00150520207075961,0.0865060657803052,0.00600000000000005,0,0,0,0,0,0.876265969999576,0
0.014084104051345,-0.00150433836904428,0.08725234872709,0.00600000000000005,0,0,0,0,0,0.875293632114759,0
0.0140940454601916,-0.00150346725339708,0.0879977993419583,0.00600000000000005,0,0,0,0,0,0.874313798060478,0
0.0141039868690383,-0.00150258873212647,0.0887424112129873,0.00600000000000005,0,0,0,0,0,0.873326498219496,0
0.0141139282778849,-0.0015017028135978,0.0894861779585685,0.00600000000000005,0,0,0,0,0,0.872331763153159,0
0.0141238696867315,-0.00150080950623335,0.090229093227408,0.00600000000000005,0,0,0,0,0,0.87132962359974,0
0.0141338110955782,-0.00149990881851228,0.0909711506985263,0.00600000000000005,0,0,0,0,0,0.870320110472772,0
0.0141437525044248,-0.00149900075897065,0.0917123440812583,0.00600000000000005,0,0,0,0,0,0.869303254859375,0
0.0141536939132715,-0.00149808533620145,0.0924526671152533,0.00600000000000005,0,0,0,0,0,0.868279088018572,0
0.0141636353221181,-0.00149716255885453,0.093192113570475,0.00600000000000005,0,0,0,0,0,0.867247641379612,0
0.0141735767309648,-0.0014962324356367,0.0939306772472018,0.00600000000000005,0,0,0,0,0,0.86620894654027,0
0.0141835181398114,-0.00149529497531162,0.0946683519760263,0.00600000000000005,0,0,0,0,0,0.865163035265154,0
0.0141934595486581,-0.00149435018669989,0.0954051316178555,0.00600000000000005,0,0,0,0,0,0.864109939484,0
0.0142034009575047,-0.001493398078679,0.096141010063911,0.00600000000000005,0,0,0,0,0,0.863049691289959,0
0.0142133423663513,-0.00149243866018334,0.0968759812357287,0.00600000000000005,0,0,0,0,0,0.861982322937887,0
0.014223283775198,-0.0014914719402042,0.097610039085159,0.00600000000000005,0,0,0,0,0,0.860907866842622,0
0.0142332251840446,-0.0014904979277898,0.0983431775943668,0.00600000000000005,0,0,0,0,0,0.859826355577257,0
0.0142431665928913,-0.00148951663204522,0.0990753907758313,0.00600000000000005,0,0,0,0,0,0.858737821871409,0
0.0142531080017379,-0.00148852806213249,0.0998066726723462,0.00600000000000005,0,0,0,0,0,0.857642298609482,0
0.0142630494105846,-0.0014875322272705,0.10053701735702,0.00600000000000005,0,0,0,0,0,0.856539818828928,0
0.0142729908194312,-0.00148652913673508,0.101266418933274,0.00600000000000005,0,0,0,0,0,0.8554304157185,0
0.0142829322282778,-0.00148551879985895,0.101994871534847,0.00600000000000005,0,0,0,0,0,0.854314122616499,0
0.0142928736371245,-0.00148450122603172,0.102722369325789,0.00600000000000005,0,0,0,0,0,0.853190973009021,0
0.0143028150459711,-0.00148347642469992,0.103448906500467,0.00600000000000005,0,0,0,0,0,0.852061000528197,0
0.0143127564548178,-0.00148244440536698,0.104174477283561,0.00600000000000005,0,0,0,0,0,0.850924238950427,0
0.0143226978636644,-0.00148140517759323,0.104899075930065,0.00600000000000005,0,0,0,0,0,0.849780722194617,0
0.0143326392725111,-0.0014803587509959,0.105622696725289,0.00600000000000005,0,0,0,0,0,0.848630484320399,0
0.0143425806813577,-0.00147930513524914,0.106345333984856,0.00600000000000005,0,0,0,0,0,0.847473559526364,0
0.0143525220902044,-0.00147824434008399,0.107066982054704,0.00600000000000005,0,0,0,0,0,0.846309982148276,0
0.014362463499051,-0.00147717637528839,0.107787635311087,0.00600000000000005,0,0,0,0,0,0.845139786657291,0
0.0143724049078976,-0.00147610125070719,0.10850728816057,0.00600000000000005,0,0,0,0,0,0.843963007658173,0
0.0143823463167443,-0.00147501897624214,0.109225935040036,0.00600000000000005,0,0,0,0,0,0.8427796798875,0
0.0143922877255909,-0.00147392956185191,0.109943570416679,0.00600000000000005,0,0,0,0,0,0.841589838211874,0
0.0144022291344376,-0.00147283301755204,0.110660188788011,0.00600000000000005,0,0,0,0,0,0.840393517626124,0
0.0144121705432842,-0.00147172935341501,0.111375784681856,0.00600000000000005,0,0,0,0,0,0.839190753251509,0
0.0144221119521309,-0.00147061857957018,0.112090352656353,0.00600000000000005,0,0,0,0,0,0.837981580333915,0
0.0144320533609775,-0.00146950070620382,0.112803887299955,0.00600000000000005,0,0,0,0,0,0.836766034242052,0
0.0144419947698242,-0.0014683757435591,0.113516383231431,0.00600000000000005,0,0,0,0,0,0.835544150465644,0
0.0144519361786708,-0.0014672437019361,0.114227835099863,0.00600000000000005,0,0,0,0,0,0.834315964613629,0
0.0144618775875174,-0.0014661045916918,0.114938237584648,0.00600000000000005,0,0,0,0,0,0.833081512412339,0
0.0144718189963641,-0.00146495842324009,0.115647585395497,0.00600000000000005,0,0,0,0,0,0.831840829703691,0
0.0144817604052107,-0.00146380520705175,0.116355873272435,0.00600000000000005,0,0,0,0,0,0.830593952443375,0
0.0144917018140574,-0.00146264495365447,0.117063095985804,0.00600000000000005,0,0,0,0,0,0.829340916699031,0
0.014501643222904,-0.00146147767363285,0.117769248336257,0.00600000000000005,0,0,0,0,0,0.828081758648439,0
0.0145115846317507,-0.00146030337762838,0.118474325154765,0.00600000000000005,0,0,0,0,0,0.826816514577691,0
0.0145215260405973,-0.00145912207633947,0.119178321302609,0.00600000000000005,0,0,0,0,0,0.825545220879379,0
0.0145314674494439,-0.00145793378052141,0.119881231671388,0.00600000000000005,0,0,0,0,0,0.824267914050766,0
0.0145414088582906,-0.00145673850098643,0.120583051183015,0.00600000000000005,0,0,0,0,0,0.822984630691966,0
0.0145513502671372,-0.00145553624860363,0.121283774789715,0.00600000000000005,0,0,0,0,0,0.821695407504119,0
0.0145612916759839,-0.00145432703429902,0.121983397474031,0.00600000000000005,0,0,0,0,0,0.820400281287568,0
0.0145712330848305,-0.00145311086905553,0.122681914248818,0.00600000000000005,0,0,0,0,0,0.819099288940032,0
0.0145811744936772,-0.00145188776391297,0.123379320157247,0.00600000000000005,0,0,0,0,0,0.81779246745478,0
0.0145911159025238,-0.00145065772996808,0.124075610272801,0.00600000000000005,0,0,0,0,0,0.816479853918805,0
0.0146010573113705,-0.00144942077837447,0.124770779699279,0.00600000000000005,0,0,0,0,0,0.815161485511001,0
0.0146109987202171,-0.00144817692034269,0.125464823570795,0.00600000000000005,0,0,0,0,0,0.813837399500328,0
0.0146209401290637,-0.00144692616714016,0.126157737051778,0.00600000000000005,0,0,0,0,0,0.812507633243995,0
0.0146308815379104,-0.00144566853009123,0.126849515336968,0.00600000000000005,0,0,0,0,0,0.811172224185626,0
0.014640822946757,-0.00144440402057715,0.127540153651423,0.00600000000000005,0,0,0,0,0,0.809831209853438,0
0.0146507643556037,-0.00144313265003605,0.128229647250514,0.00600000000000005,0,0,0,0,0,0.808484627858415,0
0.0146607057644503,-0.00144185442996299,0.128917991419926,0.00600000000000005,0,0,0,0,0,0.807132515892481,0
0.014670647173297,-0.00144056937190991,0.12960518147566,0.00600000000000005,0,0,0,0,0,0.805774911726677,0
0.0146805885821436,-0.00143927748748569,0.13029121276403,0.00600000000000005,0,0,0,0,0,0.804411853209337,0
0.0146905299909902,-0.00143797878835607,0.130976080661665,0.00600000000000005,0,0,0,0,0,0.803043378264265,0
0.0147004713998369,-0.00143667328624372,0.131659780575508,0.00600000000000005,0,0,0,0,0,0.801669524888912,0
0.0147104128086835,-0.0014353609929282,0.132342307942817,0.00600000000000005,0,0,0,0,0,0.80029033115256,0
0.0147203542175302,-0.001434041920246,0.133023658231163,0.00600000000000005,0,0,0,0,0,0.798905835194498,0
0.0147302956263768,-0.00143271608009048,0.133703826938435,0.00600000000000005,0,0,0,0,0,0.797516075222206,0
0.0147402370352235,-0.00143138348441191,0.134382809592832,0.00600000000000005,0,0,0,0,0,0.796121089509541,0
0.0147501784440701,-0.00143004414521749,0.135060601752871,0.00600000000000005,0,0,0,0,0,0.79472091639492,0
0.0147601198529168,-0.00142869807457129,0.13573719900738,0.00600000000000005,0,0,0,0,0,0.793315594279507,0
0.0147700612617634,-0.0014273452845943,0.136412596975506,0.00600000000000005,0,0,0,0,0,0.791905161625407,0
0.01478000267061,-0.00142598578746442,0.137086791306705,0.00600000000000005,0,0,0,0,0,0.790489656953851,0
0.0147899440794567,-0.00142461959541644,0.137759777680752,0.00600000000000005,0,0,0,0,0,0.789069118843397,0
0.0147998854883033,-0.00142324672074205,0.138431551807735,0.00600000000000005,0,0,0,0,0,0.787643585928119,0
0.01480982689715,-0.00142186717578986,0.139102109428055,0.00600000000000005,0,0,0,0,0,0.786213096895811,0
0.0148197683059966,-0.00142048097296537,0.139771446312428,0.00600000000000005,0,0,0,0,0,0.784777690486187,0
0.0148297097148433,-0.0014190881247006,0.140439558263108,0.00600000000000005,0,0,0,0,0,0.783337405457671,0
0.0148396511236899,-0.00141768863993052,0.14110644125727,0.00600000000000005,0,0,0,0,0,0.781892276949912,0
0.0148495925325366,-0.00141628252876819,0.141772091264032,0.00600000000000005,0,0,0,0,0,0.780442341325194,0
0.0148595339413832,-0.00141486980381712,0.142436504187612,0.00600000000000005,0,0,0,0,0,0.778987637509097,0
0.0148694753502298,-0.00141345047770522,0.143099675965214,0.00600000000000005,0,0,0,0,0,0.777528204437084,0
0.0148794167590765,-0.00141202456308472,0.143761602567033,0.00600000000000005,0,0,0,0,0,0.776064081052953,0
0.0148893581679231,-0.00141059207263226,0.144422279996249,0.00600000000000005,0,0,0,0,0,0.774595306307299,0
0.0148992995767698,-0.00140915301904883,0.145081704289031,0.00600000000000005,0,0,0,0,0,0.773121919155985,0
0.0149092409856164,-0.00140770741505978,0.145739871514535,0.00600000000000005,0,0,0,0,0,0.771643958558615,0
0.0149191823944631,-0.00140625527341482,0.146396777774905,0.00600000000000005,0,0,0,0,0,0.77016146347701,0
0.0149291238033097,-0.00140479660688805,0.147052419205274,0.00600000000000005,0,0,0,0,0,0.7686744728737,0
0.0149390652121563,-0.00140333142827791,0.147706791973762,0.00600000000000005,0,0,0,0,0,0.76718302571041,0
0.014949006621003,-0.00140185975040723,0.148359892281475,0.00600000000000005,0,0,0,0,0,0.765687160946561,0
0.0149589480298496,-0.0014003815861232,0.14901171636251,0.00600000000000005,0,0,0,0,0,0.76418691753777,0
0.0149688894386963,-0.00139889694829735,0.149662260483949,0.00600000000000005,0,0,0,0,0,0.762682334434366,0
0.0149788308475429,-0.0013974058498256,0.150311520945863,0.00600000000000005,0,0,0,0,0,0.761173450579903,0
0.0149887722563896,-0.00139590830362825,0.150959494081312,0.00600000000000005,0,0,0,0,0,0.759660304909682,0
0.0149987136652362,-0.00139440432264994,0.151606176256341,0.00600000000000005,0,0,0,0,0,0.758142936349283,0
0.0150086550740829,-0.00139289391985967,0.152251563869985,0.00600000000000005,0,0,0,0,0,0.756621383813097,0
0.0150185964829295,-0.00139137710825084,0.152895653354265,0.00600000000000005,0,0,0,0,0,0.755095686202873,0
0.0150285378917761,-0.00138985390084119,0.153538441174191,0.00600000000000005,0,0,0,0,0,0.753565882406264,0
0.0150384793006228,-0.00138832431067284,0.154179923827762,0.00600000000000005,0,0,0,0,0,0.752032011295382,0
0.0150484207094694,-0.00138678835081225,0.154820097845962,0.00600000000000005,0,0,0,0,0,0.750494111725363,0
0.0150583621183161,-0.00138524603435028,0.155458959792764,0.00600000000000005,0,0,0,0,0,0.748952222532934,0
0.0150683035271627,-0.00138369737440214,0.156096506265129,0.00600000000000005,0,0,0,0,0,0.74740638253499,0
0.0150782449360094,-0.0013821423841074,0.156732733893007,0.00600000000000005,0,0,0,0,0,0.74585663052718,0
0.015088186344856,-0.00138058107663001,0.157367639339332,0.00600000000000005,0,0,0,0,0,0.744303005282489,0
0.0150981277537027,-0.00137901346515828,0.158001219300029,0.00600000000000005,0,0,0,0,0,0.742745545549844,0
0.0151080691625493,-0.00137743956290488,0.158633470504011,0.00600000000000005,0,0,0,0,0,0.741184290052713,0
0.0151180105713959,-0.00137585938310685,0.159264389713177,0.00600000000000005,0,0,0,0,0,0.739619277487717,0
0.0151279519802426,-0.0013742729390256,0.159893973722415,0.00600000000000005,0,0,0,0,0,0.73805054652325,0
0.0151378933890892,-0.00137268024394691,0.160522219359599,0.00600000000000005,0,0,0,0,0,0.736478135798105,0
0.0151478347979359,-0.00137108131118091,0.161149123485593,0.00600000000000005,0,0,0,0,0,0.734902083920105,0
0.0151577762067825,-0.00136947615406211,0.161774682994248,0.00600000000000005,0,0,0,0,0,0.733322429464743,0
0.0151677176156292,-0.00136786478594937,0.162398894812401,0.00600000000000005,0,0,0,0,0,0.731739210973835,0
0.0151776590244758,-0.00136624722022595,0.163021755899881,0.00600000000000005,0,0,0,0,0,0.730152466954169,0
0.0151876004333224,-0.00136462347029944,0.1636432632495,0.00600000000000005,0,0,0,0,0,0.728562235876174,0
0.0151975418421691,-0.0013629935496018,0.16426341388706,0.00600000000000005,0,0,0,0,0,0.726968556172584,0
0.0152074832510157,-0.00136135747158939,0.164882204871352,0.00600000000000005,0,0,0,0,0,0.725371466237123,0
0.0152174246598624,-0.00135971524974289,0.165499633294152,0.00600000000000005,0,0,0,0,0,0.723771004423185,0
0.015227366068709,-0.00135806689756738,0.166115696280226,0.00600000000000005,0,0,0,0,0,0.722167209042531,0
0.0152373074775557,-0.00135641242859229,0.166730390987327,0.00600000000000005,0,0,0,0,0,0.720560118363989,0
0.0152472488864023,-0.00135475185637142,0.167343714606196,0.00600000000000005,0,0,0,0,0,0.718949770612164,0
0.015257190295249,-0.00135308519448293,0.167955664360561,0.00600000000000005,0,0,0,0,0,0.717336203966153,0
0.0152671317040956,-0.00135141245652936,0.168566237507138,0.00600000000000005,0,0,0,0,0,0.715719456558273,0
0.0152770731129422,-0.00134973365613761,0.169175431335632,0.00600000000000005,0,0,0,0,0,0.71409956647279,0
0.0152870145217889,-0.00134804880695894,0.169783243168734,0.00600000000000005,0,0,0,0,0,0.712476571744663,0
0.0152969559306355,-0.00134635792266898,0.170389670362124,0.00600000000000005,0,0,0,0,0,0.710850510358292,0
0.0153068973394822,-0.00134466101696772,0.170994710304469,0.00600000000000005,0,0,0,0,0,0.709221420246274,0
0.0153168387483288,-0.00134295810357954,0.171598360417425,0.00600000000000005,0,0,0,0,0,0.707589339288168,0
0.0153267801571755,-0.00134124919625315,0.172200618155635,0.00600000000000005,0,0,0,0,0,0.705954305309268,0
0.0153367215660221,-0.00133953430876165,0.172801481006728,0.00600000000000005,0,0,0,0,0,0.704316356079386,0
0.0153466629748687,-0.00133781345490251,0.173400946491325,0.00600000000000005,0,0,0,0,0,0.70267552931164,0
0.0153566043837154,-0.00133608664849755,0.17399901216303,0.00600000000000005,0,0,0,0,0,0.701031862661253,0
0.015366545792562,-0.00133435390339295,0.174595675608438,0.00600000000000005,0,0,0,0,0,0.699385393724357,0
0.0153764872014087,-0.00133261523345929,0.175190934447131,0.00600000000000005,0,0,0,0,0,0.697736160036807,0
0.0153864286102553,-0.00133087065259148,0.175784786331679,0.00600000000000005,0,0,0,0,0,0.696084199073009,0
0.015396370019102,-0.00132912017470881,0.176377228947638,0.00600000000000005,0,0,0,0,0,0.694429548244745,0
0.0154063114279486,-0.00132736381375495,0.176968260013554,0.00600000000000005,0,0,0,0,0,0.692772244900014,0
0.0154162528367953,-0.00132560158369792,0.17755787728096,0.00600000000000005,0,0,0,0,0,0.691112326321883,0
0.0154261942456419,-0.00132383349853009,0.178146078534376,0.00600000000000005,0,0,0,0,0,0.689449829727341,0
0.0154361356544885,-0.00132205957226824,0.178732861591311,0.00600000000000005,0,0,0,0,0,0.687784792266163,0
0.0154460770633352,-0.00132027981895347,0.179318224302261,0.00600000000000005,0,0,0,0,0,0.686117251019787,0
0.0154560184721818,-0.00131849425265129,0.17990216455071,0.00600000000000005,0,0,0,0,0,0.684447243000192,0
0.0154659598810285,-0.00131670288745153,0.18048468025313,0.00600000000000005,0,0,0,0,0,0.682774805148791,0
0.0154759012898751,-0.00131490573746842,0.18106576935898,0.00600000000000005,0,0,0,0,0,0.681099974335331,0
0.0154858426987218,-0.00131310281684055,0.181645429850707,0.00600000000000005,0,0,0,0,0,0.679422787356801,0
0.0154957841075684,-0.00131129413973086,0.182223659743748,0.00600000000000005,0,0,0,0,0,0.677743280936345,0
0.0155057255164151,-0.00130947972032667,0.182800457086524,0.00600000000000005,0,0,0,0,0,0.67606149172219,0
0.0155156669252617,-0.00130765957283968,0.183375819960446,0.00600000000000005,0,0,0,0,0,0.674377456286584,0
0.0155256083341083,-0.00130583371150591,0.183949746479913,0.00600000000000005,0,0,0,0,0,0.672691211124731,0
0.015535549742955,-0.0013040021505858,0.18452223479231,0.00600000000000005,0,0,0,0,0,0.671002792653748,0
0.0155454911518016,-0.00130216490436412,0.185093283078012,0.00600000000000005,0,0,0,0,0,0.669312237211624,0
0.0155554325606483,-0.00130032198715002,0.185662889550381,0.00600000000000005,0,0,0,0,0,0.667619581056189,0
0.0155653739694949,-0.00129847341327702,0.186231052455765,0.00600000000000005,0,0,0,0,0,0.665924860364091,0
0.0155753153783416,-0.00129661919710299,0.186797770073503,0.00600000000000005,0,0,0,0,0,0.664228111229787,0
0.0155852567871882,-0.00129475935301018,0.187363040715918,0.00600000000000005,0,0,0,0,0,0.662529369664532,0
0.0155951981960348,-0.0012928938954052,0.187926862728325,0.00600000000000005,0,0,0,0,0,0.660828671595389,0
0.0156051396048815,-0.00129102283871903,0.188489234489023,0.00600000000000005,0,0,0,0,0,0.659126052864243,0
0.0156150810137281,-0.00128914619740701,0.189050154409301,0.00600000000000005,0,0,0,0,0,0.657421549226819,0
0.0156250224225748,-0.00128726398594885,0.189609620933435,0.00600000000000005,0,0,0,0,0,0.655715196351715,0
0.0156349638314214,-0.00128537621884864,0.190167632538689,0.00600000000000005,0,0,0,0,0,0.654007029819445,0
0.0156449052402681,-0.0012834829106348,0.190724187735315,0.00600000000000005,0,0,0,0,0,0.652297085121486,0
0.0156548466491147,-0.00128158407586016,0.191279285066552,0.00600000000000005,0,0,0,0,0,0.650585397659336,0
0.0156647880579614,-0.00127967972910188,0.191832923108626,0.00600000000000005,0,0,0,0,0,0.648872002743582,0
0.015674729466808,-0.0012777698849615,0.192385100470754,0.00600000000000005,0,0,0,0,0,0.647156935592976,0
0.0156846708756546,-0.00127585455806493,0.192935815795138,0.00600000000000005,0,0,0,0,0,0.64544023133352,0
0.0156946122845013,-0.00127393376306245,0.193485067756968,0.00600000000000005,0,0,0,0,0,0.643721924997563,0
0.0157045536933479,-0.00127200751462868,0.194032855064424,0.00600000000000005,0,0,0,0,0,0.642002051522897,0
0.0157144951021946,-0.00127007582746264,0.19457917645867,0.00600000000000005,0,0,0,0,0,0.64028064575188,0
0.0157244365110412,-0.0012681387162877,0.195124030713861,0.00600000000000005,0,0,0,0,0,0.638557742430548,0
0.0157343779198879,-0.00126619619585158,0.195667416637138,0.00600000000000005,0,0,0,0,0,0.63683337620775,0
0.0157443193287345,-0.00126424828092641,0.196209333068631,0.00600000000000005,0,0,0,0,0,0.635107581634286,0
0.0157542607375812,-0.00126229498630863,0.196749778881456,0.00600000000000005,0,0,0,0,0,0.633380393162056,0
0.0157642021464278,-0.0012603363268191,0.19728875298172,0.00600000000000005,0,0,0,0,0,0.631651845143219,0
0.0157741435552744,-0.001258372317303,0.197826254308514,0.00600000000000005,0,0,0,0,0,0.629921971829356,0
0.0157840849641211,-0.00125640297262991,0.198362281833919,0.00600000000000005,0,0,0,0,0,0.628190807370652,0
0.0157940263729677,-0.00125442830769376,0.198896834563004,0.00600000000000005,0,0,0,0,0,0.626458385815073,0
0.0158039677818144,-0.00125244833741285,0.199429911533824,0.00600000000000005,0,0,0,0,0,0.624724741107565,0
0.015813909190661,-0.00125046307672983,0.199961511817423,0.00600000000000005,0,0,0,0,0,0.622989907089257,0
0.0158238505995077,-0.00124847254051265,0.200491634480752,0.00600000000000005,0,0,0,0,0,0.62125391741032,0
0.0158337920083543,-0.00124647674047724,0.201020277431906,0.00600000000000005,0,0,0,0,0,0.619516802854357,0
0.0158437334172009,-0.00124447569002442,0.201547439224019,0.00600000000000005,0,0,0,0,0,0.617778595562527,0
0.0158536748260476,-0.00124246940413639,0.202073119024919,0.00600000000000005,0,0,0,0,0,0.616039328928774,0
0.0158636162348942,-0.00124045789779161,0.202597316025671,0.00600000000000005,0,0,0,0,0,0.614299036215513,0
0.0158735576437409,-0.00123844118596479,0.203120029440577,0.00600000000000005,0,0,0,0,0,0.612557750553136,0
0.0158834990525875,-0.00123641928362692,0.203641258507175,0.00600000000000005,0,0,0,0,0,0.610815504939517,0
0.0158934404614342,-0.00123439220574521,0.20416100248624,0.00600000000000005,0,0,0,0,0,0.609072332239534,0
0.0159033818702808,-0.00123235996728316,0.204679260661785,0.00600000000000005,0,0,0,0,0,0.607328265184599,0
0.0159133232791275,-0.00123032258320052,0.20519603234106,0.00600000000000005,0,0,0,0,0,0.605583336372196,0
0.0159232646879741,-0.00122828006845329,0.20571131685455,0.00600000000000005,0,0,0,0,0,0.603837578265429,0
0.0159332060968207,-0.00122623243799372,0.206225113555978,0.00600000000000005,0,0,0,0,0,0.60209102319258,0
0.0159431475056674,-0.00122417970677034,0.206737421822305,0.00600000000000005,0,0,0,0,0,0.600343703346673,0
0.015953088914514,-0.00122212188972793,0.207248241053728,0.00600000000000005,0,0,0,0,0,0.598595650785055,0
0.0159630303233607,-0.00122005900180752,0.20775757067368,0.00600000000000005,0,0,0,0,0,0.596846897428974,0
0.0159729717322073,-0.00121799105794639,0.208265410128832,0.00600000000000005,0,0,0,0,0,0.595097475063179,0
0.015982913141054,-0.00121591807307811,0.208771758889093,0.00600000000000005,0,0,0,0,0,0.593347415335519,0
0.0159928545499006,-0.00121384006213247,0.209276616447606,0.00600000000000005,0,0,0,0,0,0.591596749756558,0
0.0160027959587472,-0.00121175704003553,0.209779982320754,0.00600000000000005,0,0,0,0,0,0.589845509699193,0
0.0160127373675939,-0.00120966902170963,0.210281856048155,0.00600000000000005,0,0,0,0,0,0.588093726398286,0
0.0160226787764405,-0.00120757602207333,0.210782237192664,0.00600000000000005,0,0,0,0,0,0.586341430950304,0
0.0160326201852872,-0.00120547805604148,0.211281125340373,0.00600000000000005,0,0,0,0,0,0.584588654312963,0
0.0160425615941338,-0.00120337513852517,0.211778520100613,0.00600000000000005,0,0,0,0,0,0.582835427304888,0
0.0160525030029805,-0.00120126728443175,0.212274421105949,0.00600000000000005,0,0,0,0,0,0.58108178060528,0
0.0160624444118271,-0.00119915450866483,0.212768828012184,0.00600000000000005,0,0,0,0,0,0.579327744753582,0
0.0160723858206738,-0.00119703682612427,0.213261740498359,0.00600000000000005,0,0,0,0,0,0.577573350149173,0
0.0160823272295204,-0.00119491425170621,0.21375315826675,0.00600000000000005,0,0,0,0,0,0.57581862705105,0
0.016092268638367,-0.00119278680030301,0.214243081042871,0.00600000000000005,0,0,0,0,0,0.574063605577535,0
0.0161022100472137,-0.00119065448680332,0.214731508575474,0.00600000000000005,0,0,0,0,0,0.572308315705978,0
0.0161121514560603,-0.00118851732609204,0.215218440636545,0.00600000000000005,0,0,0,0,0,0.57055278727248,0
0.016122092864907,-0.00118637533305031,0.21570387702131,0.00600000000000005,0,0,0,0,0,0.568797049971613,0
0.0161320342737536,-0.00118422852255556,0.21618781754823,0.00600000000000005,0,0,0,0,0,0.56704113335616,0
0.0161419756826003,-0.00118207690948145,0.216670262059003,0.00600000000000005,0,0,0,0,0,0.565285066836851,0
0.0161519170914469,-0.00117992050869791,0.217151210418566,0.00600000000000005,0,0,0,0,0,0.563528879682122,0
0.0161618585002936,-0.00117775933507111,0.21763066251509,0.00600000000000005,0,0,0,0,0,0.561772601017865,0
0.0161717999091402,-0.00117559340346351,0.218108618259985,0.00600000000000005,0,0,0,0,0,0.560016259827205,0
0.0161817413179868,-0.0011734227287338,0.218585077587896,0.00600000000000005,0,0,0,0,0,0.558259884950268,0
0.0161916827268335,-0.00117124732573693,0.219060040456708,0.00600000000000005,0,0,0,0,0,0.556503505083968,0
0.0162016241356801,-0.00116906720932413,0.21953350684754,0.00600000000000005,0,0,0,0,0,0.554747148781801,0
0.0162115655445268,-0.00116688239434286,0.220005476764749,0.00600000000000005,0,0,0,0,0,0.552990844453643,0
0.0162215069533734,-0.00116469289563685,0.220475950235928,0.00600000000000005,0,0,0,0,0,0.551234620365556,0
0.0162314483622201,-0.00116249872804609,0.22094492731191,0.00600000000000005,0,0,0,0,0,0.54947850463961,0
0.0162413897710667,-0.00116029990640682,0.221412408066761,0.00600000000000005,0,0,0,0,0,0.547722525253701,0
0.0162513311799133,-0.00115809644555155,0.221878392597786,0.00600000000000005,0,0,0,0,0,0.545966710041388,0
0.01626127258876,-0.00115588836030902,0.222342881025527,0.00600000000000005,0,0,0,0,0,0.544211086691728,0
0.0162712139976066,-0.00115367566550427,0.222805873493762,0.00600000000000005,0,0,0,0,0,0.542455682749128,0
0.0162811554064533,-0.00115145837595857,0.223267370169507,0.00600000000000005,0,0,0,0,0,0.5407005256132,0
0.0162910968152999,-0.00114923650648943,0.223727371243014,0.00600000000000005,0,0,0,0,0,0.538945642538621,0
0.0163010382241466,-0.00114701007191066,0.224185876927772,0.00600000000000005,0,0,0,0,0,0.537191060635005,0
0.0163109796329932,-0.00114477908703231,0.224642887460508,0.00600000000000005,0,0,0,0,0,0.535436806866785,0
0.0163209210418399,-0.00114254356666066,0.225098403101184,0.00600000000000005,0,0,0,0,0,0.533682908053093,0
0.0163308624506865,-0.0011403035255983,0.225552424133001,0.00600000000000005,0,0,0,0,0,0.531929390867661,0
0.0163408038595331,-0.00113805897864403,0.226004950862395,0.00600000000000005,0,0,0,0,0,0.530176281838712,0
0.0163507452683798,-0.00113580994059293,0.226455983619041,0.00600000000000005,0,0,0,0,0,0.52842360734888,0
0.0163606866772264,-0.00113355642623634,0.22690552275585,0.00600000000000005,0,0,0,0,0,0.526671393635117,0
0.0163706280860731,-0.00113129845036185,0.227353568648968,0.00600000000000005,0,0,0,0,0,0.524919666788617,0
0.0163805694949197,-0.0011290360277533,0.227800121697781,0.00600000000000005,0,0,0,0,0,0.523168452754754,0
0.0163905109037664,-0.00112676917319081,0.22824518232491,0.00600000000000005,0,0,0,0,0,0.521417777333009,0
0.016400452312613,-0.00112449790145074,0.228688750976214,0.00600000000000005,0,0,0,0,0,0.519667666176923,0
0.0164103937214597,-0.00112222222730571,0.229130828120788,0.00600000000000005,0,0,0,0,0,0.517918144794045,0
0.0164203351303063,-0.0011199421655246,0.229571414250965,0.00600000000000005,0,0,0,0,0,0.516169238545892,0
0.0164302765391529,-0.00111765773087254,0.230010509882313,0.00600000000000005,0,0,0,0,0,0.514420972647914,0
0.0164402179479996,-0.00111536893811093,0.23044811555364,0.00600000000000005,0,0,0,0,0,0.512673372169471,0
0.0164501593568462,-0.00111307580199743,0.230884231826987,0.00600000000000005,0,0,0,0,0,0.510926462033807,0
0.0164601007656929,-0.00111077833728593,0.231318859287636,0.00600000000000005,0,0,0,0,0,0.509180267018041,0
0.0164700421745395,-0.00110847655872662,0.231751998544102,0.00600000000000005,0,0,0,0,0,0.507434811753162,0
0.0164799835833862,-0.00110617048106591,0.232183650228141,0.00600000000000005,0,0,0,0,0,0.505690120724023,0
0.0164899249922328,-0.00110386011904648,0.232613814994742,0.00600000000000005,0,0,0,0,0,0.503946218269356,0
0.0164998664010794,-0.00110154548740727,0.233042493522134,0.00600000000000005,0,0,0,0,0,0.50220312858178,0
0.0165098078099261,-0.00109922660088349,0.233469686511781,0.00600000000000005,0,0,0,0,0,0.500460875707827,0
0.0165197492187727,-0.00109690347420657,0.233895394688384,0.00600000000000005,0,0,0,0,0,0.498719483547962,0
0.0165296906276194,-0.00109457612210425,0.234319618799883,0.00600000000000005,0,0,0,0,0,0.496978975856624,0
0.016539632036466,-0.00109224455930048,0.234742359617452,0.00600000000000005,0,0,0,0,0,0.495239376242262,0
0.0165495734453127,-0.0010899088005155,0.235163617935504,0.00600000000000005,0,0,0,0,0,0.493500708167383,0
0.0165595148541593,-0.00108756886046578,0.235583394571688,0.00600000000000005,0,0,0,0,0,0.491762994948604,0
0.016569456263006,-0.00108522475386407,0.236001690366891,0.00600000000000005,0,0,0,0,0,0.490026259756711,0
0.0165793976718526,-0.00108287649541937,0.236418506185235,0.00600000000000005,0,0,0,0,0,0.488290525616728,0
0.0165893390806992,-0.00108052409983693,0.23683384291408,0.00600000000000005,0,0,0,0,0,0.486555815407985,0
0.0165992804895459,-0.00107816758181827,0.237247701464024,0.00600000000000005,0,0,0,0,0,0.484822151864198,0
0.0166092218983925,-0.00107580695606117,0.2376600827689,0.00600000000000005,0,0,0,0,0,0.483089557573551,0
0.0166191633072392,-0.00107344223725964,0.238070987785779,0.00600000000000005,0,0,0,0,0,0.48135805497879,0
0.0166291047160858,-0.00107107344010399,0.238480417494969,0.00600000000000005,0,0,0,0,0,0.479627666377318,0
0.0166390461249325,-0.00106870057928074,0.238888372900015,0.00600000000000005,0,0,0,0,0,0.477898413921295,0
0.0166489875337791,-0.00106632366947271,0.239294855027697,0.00600000000000005,0,0,0,0,0,0.476170319617746,0
0.0166589289426257,-0.00106394272535895,0.239699864928035,0.00600000000000005,0,0,0,0,0,0.474443405328681,0
0.0166688703514724,-0.00106155776161479,0.240103403674283,0.00600000000000005,0,0,0,0,0,0.472717692771209,0
0.016678811760319,-0.00105916879291179,0.240505472362935,0.00600000000000005,0,0,0,0,0,0.470993203517664,0
0.0166887531691657,-0.00105677583391778,0.240906072113719,0.00600000000000005,0,0,0,0,0,0.469269958995741,0
0.0166986945780123,-0.00105437889929687,0.241305204069601,0.00600000000000005,0,0,0,0,0,0.467547980488628,0
0.016708635986859,-0.00105197800370938,0.241702869396786,0.00600000000000005,0,0,0,0,0,0.465827289135153,0
0.0167185773957056,-0.00104957316181194,0.242099069284712,0.00600000000000005,0,0,0,0,0,0.464107905929928,0
0.0167285188045523,-0.0010471643882574,0.242493804946056,0.00600000000000005,0,0,0,0,0,0.462389851723509,0
0.0167384602133989,-0.00104475169769487,0.242887077616734,0.00600000000000005,0,0,0,0,0,0.460673147222546,0
0.0167484016222455,-0.00104233510476974,0.243278888555894,0.00600000000000005,0,0,0,0,0,0.45895781298996,0
0.0167583430310922,-0.00103991462412365,0.243669239045925,0.00600000000000005,0,0,0,0,0,0.457243869445103,0
0.0167682844399388,-0.00103749027039447,0.244058130392452,0.00600000000000005,0,0,0,0,0,0.455531336863936,0
0.0167782258487855,-0.00103506205821637,0.244445563924336,0.00600000000000005,0,0,0,0,0,0.453820235379216,0
0.0167881672576321,-0.00103263000221976,0.244831540993676,0.00600000000000005,0,0,0,0,0,0.452110584980672,0
0.0167981086664788,-0.00103019411703128,0.245216062975807,0.00600000000000005,0,0,0,0,0,0.450402405515205,0
0.0168080500753254,-0.00102775441727387,0.245599131269301,0.00600000000000005,0,0,0,0,0,0.448695716687078,0
0.0168179914841721,-0.00102531091744258,0.245980747193555,0.00600000000000005,0,0,0,0,0,0.446990537971605,0
0.0168279328930187,-0.00102286363018755,0.24636091056286,0.00600000000000005,0,0,0,0,0,0.445286887422583,0
0.0168378743018653,-0.00102041256941537,0.246739622233778,0.00600000000000005,0,0,0,0,0,0.443584783839218,0
0.016847815710712,-0.00101795774968709,0.247116883627384,0.00600000000000005,0,0,0,0,0,0.441884246339084,0
0.0168577571195586,-0.00101549918554365,0.247492696175505,0.00600000000000005,0,0,0,0,0,0.440185293887195,0
0.0168676985284053,-0.00101303689150593,0.247867061320717,0.00600000000000005,0,0,0,0,0,0.438487945296363,0
0.0168776399372519,-0.00101057088207472,0.248239980516347,0.00600000000000005,0,0,0,0,0,0.436792219227567,0
0.0168875813460986,-0.00100810117173074,0.248611455226475,0.00600000000000005,0,0,0,0,0,0.435098134190328,0
0.0168975227549452,-0.0010056277749346,0.24898148692593,0.00600000000000005,0,0,0,0,0,0.433405708543083,0
0.0169074641637918,-0.00100315070612687,0.249350077100291,0.00600000000000005,0,0,0,0,0,0.431714960493567,0
0.0169174055726385,-0.00100066997972799,0.249717227245889,0.00600000000000005,0,0,0,0,0,0.430025908099197,0
0.0169273469814851,-0.000998185610138359,0.250082938869805,0.00600000000000005,0,0,0,0,0,0.428338569267461,0
0.0169372883903318,-0.000995697611738269,0.250447213489872,0.00600000000000005,0,0,0,0,0,0.426652961756311,0
0.0169472297991784,-0.000993205998887939,0.250810052634673,0.00600000000000005,0,0,0,0,0,0.424969103174561,0
0.0169571712080251,-0.000990710785927505,0.251171457843542,0.00600000000000005,0,0,0,0,0,0.423287010982284,0
0.0169671126168717,-0.00098821198717702,0.251531430666563,0.00600000000000005,0,0,0,0,0,0.421606702491222,0
0.0169770540257184,-0.000985709616936455,0.251889972664571,0.00600000000000005,0,0,0,0,0,0.419928194865191,0
0.016986995434565,-0.000983203689485701,0.252247085409153,0.00600000000000005,0,0,0,0,0,0.418251505120495,0
0.0169969368434116,-0.000980694219084564,0.252602770482645,0.00600000000000005,0,0,0,0,0,0.416576650126339,0
0.0170068782522583,-0.00097818121997277,0.252957029478135,0.00600000000000005,0,0,0,0,0,0.414903646605251,0
0.0170168196611049,-0.000975664706369963,0.253309863999462,0.00600000000000005,0,0,0,0,0,0.413232511133505,0
0.0170267610699516,-0.000973144692475702,0.253661275661214,0.00600000000000005,0,0,0,0,0,0.411563260141548,0
0.0170367024787982,-0.000970621192469469,0.254011266088731,0.00600000000000005,0,0,0,0,0,0.409895909914425,0
0.0170466438876449,-0.000968094220510658,0.254359836918105,0.00600000000000005,0,0,0,0,0,0.408230476592221,0
0.0170565852964915,-0.000965563790738587,0.254706989796177,0.00600000000000005,0,0,0,0,0,0.40656697617049,0
0.0170665267053382,-0.000963029917272487,0.255052726380538,0.00600000000000005,0,0,0,0,0,0.404905424500699,0
0.0170764681141848,-0.000960492614211509,0.255397048339533,0.00600000000000005,0,0,0,0,0,0.403245837290672,0
0.0170864095230314,-0.000957951895634723,0.255739957352254,0.00600000000000005,0,0,0,0,0,0.401588230105034,0
0.0170963509318781,-0.000955407775601115,0.256081455108546,0.00600000000000005,0,0,0,0,0,0.399932618365659,0
0.0171062923407247,-0.000952860268149589,0.256421543309005,0.00600000000000005,0,0,0,0,0,0.398279017352129,0
0.0171162337495714,-0.00095030938729897,0.256760223664977,0.00600000000000005,0,0,0,0,0,0.396627442202184,0
0.017126175158418,-0.000947755147047996,0.257097497898558,0.00600000000000005,0,0,0,0,0,0.394977907912183,0
0.0171361165672647,-0.000945197561375326,0.257433367742596,0.00600000000000005,0,0,0,0,0,0.393330429337564,0
0.0171460579761113,-0.000942636644239538,0.257767834940689,0.00600000000000005,0,0,0,0,0,0.391685021193312,0
0.0171559993849579,-0.000940072409579125,0.258100901247188,0.00600000000000005,0,0,0,0,0,0.39004169805442,0
0.0171659407938046,-0.0009375048713125,0.25843256842719,0.00600000000000005,0,0,0,0,0,0.388400474356368,0
0.0171758822026512,-0.000934934043337992,0.258762838256548,0.00600000000000005,0,0,0,0,0,0.386761364395585,0
0.0171858236114979,-0.000932359939533852,0.259091712521863,0.00600000000000005,0,0,0,0,0,0.385124382329934,0
0.0171957650203445,-0.000929782573758243,0.259419193020487,0.00600000000000005,0,0,0,0,0,0.383489542179184,0
0.0172057064291912,-0.000927201959849251,0.259745281560523,0.00600000000000005,0,0,0,0,0,0.381856857825492,0
0.0172156478380378,-0.000924618111624878,0.260069979960824,0.00600000000000005,0,0,0,0,0,0.380226343013889,0
0.0172255892468845,-0.000922031042883043,0.260393290050996,0.00600000000000005,0,0,0,0,0,0.378598011352759,0
0.0172355306557311,-0.000919440767401585,0.260715213671394,0.00600000000000005,0,0,0,0,0,0.376971876314335,0
0.0172454720645777,-0.000916847298938259,0.261035752673123,0.00600000000000005,0,0,0,0,0,0.375347951235182,0
0.0172554134734244,-0.000914250651230739,0.26135490891804,0.00600000000000005,0,0,0,0,0,0.373726249316693,0
0.017265354882271,-0.000911650837996617,0.261672684278754,0.00600000000000005,0,0,0,0,0,0.372106783625587,0
0.0172752962911177,-0.000909047872933403,0.261989080638622,0.00600000000000005,0,0,0,0,0,0.370489567094397,0
0.0172852376999643,-0.000906441769718524,0.262304099891754,0.00600000000000005,0,0,0,0,0,0.368874612521978,0
0.017295179108811,-0.000903832542009325,0.26261774394301,0.00600000000000005,0,0,0,0,0,0.367261932574006,0
0.0173051205176576,-0.00090122020344307,0.262930014708,0.00600000000000005,0,0,0,0,0,0.365651539783477,0
0.0173150619265042,-0.000898604767636941,0.263240914113085,0.00600000000000005,0,0,0,0,0,0.364043446551219,0
0.0173250033353509,-0.000895986248188038,0.263550444095379,0.00600000000000005,0,0,0,0,0,0.362437665146395,0
0.0173349447441975,-0.000893364658673376,0.263858606602743,0.00600000000000005,0,0,0,0,0,0.360834207707013,0
0.0173448861530442,-0.000890740012649892,0.264165403593792,0.00600000000000005,0,0,0,0,0,0.359233086240438,0
0.0173548275618908,-0.000888112323654439,0.264470837037891,0.00600000000000005,0,0,0,0,0,0.357634312623904,0
0.0173647689707375,-0.000885481605203787,0.264774908915154,0.00600000000000005,0,0,0,0,0,0.356037898605032,0
0.0173747103795841,-0.000882847870794626,0.265077621216448,0.00600000000000005,0,0,0,0,0,0.354443855802341,0
0.0173846517884308,-0.000880211133903564,0.265378975943389,0.00600000000000005,0,0,0,0,0,0.35285219570577,0
0.0173945931972774,-0.000877571407987124,0.265678975108345,0.00600000000000005,0,0,0,0,0,0.351262929677198,0
0.017404534606124,-0.000874928706481749,0.265977620734435,0.00600000000000005,0,0,0,0,0,0.349676068950965,0
0.0174144760149707,-0.000872283042803801,0.266274914855527,0.00600000000000005,0,0,0,0,0,0.348091624634394,0
0.0174244174238173,-0.000869634430349559,0.266570859516242,0.00600000000000005,0,0,0,0,0,0.346509607708316,0
0.017434358832664,-0.000866982882495219,0.26686545677195,0.00600000000000005,0,0,0,0,0,0.344930029027597,0
0.0174443002415106,-0.000864328412596895,0.267158708688773,0.00600000000000005,0,0,0,0,0,0.343352899321665,0
0.0174542416503573,-0.00086167103399062,0.267450617343583,0.00600000000000005,0,0,0,0,0,0.341778229195039,0
0.0174641830592039,-0.000859010759992345,0.267741184824002,0.00600000000000005,0,0,0,0,0,0.340206029127858,0
0.0174741244680506,-0.000856347603897937,0.268030413228405,0.00600000000000005,0,0,0,0,0,0.338636309476415,0
0.0174840658768972,-0.000853681578983185,0.268318304665917,0.00600000000000005,0,0,0,0,0,0.337069080473688,0
0.0174940072857438,-0.000851012698503791,0.268604861256412,0.00600000000000005,0,0,0,0,0,0.335504352229875,0
0.0175039486945905,-0.000848340975695379,0.268890085130516,0.00600000000000005,0,0,0,0,0,0.333942134732929,0
0.0175138901034371,-0.000845666423773488,0.269173978429607,0.00600000000000005,0,0,0,0,0,0.332382437849094,0
0.0175238315122838,-0.000842989055933576,0.269456543305812,0.00600000000000005,0,0,0,0,0,0.330825271323442,0
0.0175337729211304,-0.000840308885351019,0.269737781922009,0.00600000000000005,0,0,0,0,0,0.329270644780414,0
0.0175437143299771,-0.000837625925181112,0.270017696451828,0.00600000000000005,0,0,0,0,0,0.327718567724356,0
0.0175536557388237,-0.000834940188559067,0.270296289079648,0.00600000000000005,0,0,0,0,0,0.326169049540063,0
0.0175635971476703,-0.000832251688600013,0.2705735620006,0.00600000000000005,0,0,0,0,0,0.324622099493318,0
0.017573538556517,-0.000829560438398998,0.270849517420566,0.00600000000000005,0,0,0,0,0,0.323077726731438,0
0.0175834799653636,-0.000826866451030989,0.271124157556178,0.00600000000000005,0,0,0,0,0,0.321535940283811,0
0.0175934213742103,-0.000824169739550868,0.271397484634818,0.00600000000000005,0,0,0,0,0,0.319996749062446,0
0.0176033627830569,-0.000821470316993438,0.271669500894621,0.00600000000000005,0,0,0,0,0,0.318460161862517,0
0.0176133041919036,-0.000818768196373417,0.271940208584471,0.00600000000000005,0,0,0,0,0,0.316926187362905,0
0.0176232456007502,-0.000816063390685444,0.272209609964003,0.00600000000000005,0,0,0,0,0,0.315394834126748,0
0.0176331870095969,-0.000813355912904074,0.272477707303604,0.00600000000000005,0,0,0,0,0,0.313866110601988,0
0.0176431284184435,-0.000810645775983781,0.27274450288441,0.00600000000000005,0,0,0,0,0,0.312340025121916,0
0.0176530698272901,-0.000807932992858954,0.273009998998309,0.00600000000000005,0,0,0,0,0,0.310816585905723,0
0.0176630112361368,-0.000805217576443906,0.273274197947939,0.00600000000000005,0,0,0,0,0,0.309295801059048,0
0.0176729526449834,-0.000802499539632861,0.273537102046689,0.00600000000000005,0,0,0,0,0,0.307777678574528,0
0.0176828940538301,-0.000799778895299965,0.2737987136187,0.00600000000000005,0,0,0,0,0,0.306262226332345,0
0.0176928354626767,-0.000797055656299283,0.274059034998861,0.00600000000000005,0,0,0,0,0,0.304749452100782,0
0.0177027768715234,-0.000794329835464793,0.274318068532815,0.00600000000000005,0,0,0,0,0,0.303239363536768,0
0.01771271828037,-0.000791601445610397,0.274575816576954,0.00600000000000005,0,0,0,0,0,0.301731968186433,0
0.0177226596892167,-0.000788870499529909,0.27483228149842,0.00600000000000005,0,0,0,0,0,0.300227273485658,0
0.0177326010980633,-0.000786137009997066,0.275087465675107,0.00600000000000005,0,0,0,0,0,0.298725286760628,0
0.0177425425069099,-0.00078340098976552,0.27534137149566,0.00600000000000005,0,0,0,0,0,0.297226015228384,0
0.0177524839157566,-0.000780662451568842,0.275594001359474,0.00600000000000005,0,0,0,0,0,0.295729465997374,0
0.0177624253246032,-0.000777921408120521,0.275845357676696,0.00600000000000005,0,0,0,0,0,0.294235646068006,0
0.0177723667334499,-0.000775177872113962,0.276095442868222,0.00600000000000005,0,0,0,0,0,0.292744562333204,0
0.0177823081422965,-0.000772431856222491,0.276344259365699,0.00600000000000005,0,0,0,0,0,0.291256221578958,0
0.0177922495511432,-0.000769683373099351,0.276591809611526,0.00600000000000005,0,0,0,0,0,0.289770630484878,0
0.0178021909599898,-0.000766932435377701,0.276838096058852,0.00600000000000005,0,0,0,0,0,0.288287795624746,0
0.0178121323688364,-0.000764179055603229,0.277083121039542,0.00600000000000005,0,0,0,0,0,0.286807723430898,0
0.0178220737776831,-0.000761423245743384,0.277326885789319,0.00600000000000005,0,0,0,0,0,0.285330419932546,0
0.0178320151865297,-0.000758665018210538,0.277569392441488,0.00600000000000005,0,0,0,0,0,0.283855891306674,0
0.0178419565953764,-0.000755904385542938,0.277810643425101,0.00600000000000005,0,0,0,0,0,0.282384143705289,0
0.017851898004223,-0.000753141360253311,0.278050641170842,0.00600000000000005,0,0,0,0,0,0.280915183174524,0
0.0178618394130697,-0.000750375954828868,0.278289388111022,0.00600000000000005,0,0,0,0,0,0.279449015655232,0
0.0178717808219163,-0.000747608181731302,0.278526886679584,0.00600000000000005,0,0,0,0,0,0.277985646983576,0
0.017881722230763,-0.000744838053396789,0.278763139312096,0.00600000000000005,0,0,0,0,0,0.276525082891621,0
0.0178916636396096,-0.000742065582235986,0.278998148445759,0.00600000000000005,0,0,0,0,0,0.27506732900793,0
0.0179016050484562,-0.000739290780634036,0.279231916519401,0.00600000000000005,0,0,0,0,0,0.273612390858148,0
0.0179115464573029,-0.00073651366095056,0.27946444597348,0.00600000000000005,0,0,0,0,0,0.272160273865601,0
0.0179214878661495,-0.000733734235519666,0.279695739250082,0.00600000000000005,0,0,0,0,0,0.270710983351877,0
0.0179314292749962,-0.000730952516649942,0.279925798792923,0.00600000000000005,0,0,0,0,0,0.269264524537423,0
0.0179413706838428,-0.000728168516624458,0.280154627047349,0.00600000000000005,0,0,0,0,0,0.267820902542132,0
0.0179513120926895,-0.000725382247700768,0.280382226460332,0.00600000000000005,0,0,0,0,0,0.266380122385929,0
0.0179612535015361,-0.00072259372211091,0.280608599480477,0.00600000000000005,0,0,0,0,0,0.264942188989364,0
0.0179711949103827,-0.000719802952061401,0.280833748558016,0.00600000000000005,0,0,0,0,0,0.263507107174194,0
0.0179811363192294,-0.000717009949733243,0.28105767614481,0.00600000000000005,0,0,0,0,0,0.262074881663972,0
0.017991077728076,-0.000714214727281919,0.28128038469435,0.00600000000000005,0,0,0,0,0,0.260645517084635,0
0.0180010191369227,-0.000711417296837398,0.281501876661755,0.00600000000000005,0,0,0,0,0,0.259219017965087,0
0.0180109605457693,-0.000708617670504127,0.281722154503774,0.00600000000000005,0,0,0,0,0,0.257795388737782,0
0.018020901954616,-0.000705815860361038,0.281941220678785,0.00600000000000005,0,0,0,0,0,0.256374633739313,0
0.0180308433634626,-0.000703011878461546,0.282159077646795,0.00600000000000005,0,0,0,0,0,0.254956757210989,0
0.0180407847723093,-0.000700205736833547,0.28237572786944,0.00600000000000005,0,0,0,0,0,0.253541763299421,0
0.0180507261811559,-0.00069739744747942,0.282591173809986,0.00600000000000005,0,0,0,0,0,0.252129656057104,0
0.0180606675900025,-0.000694587022376029,0.282805417933327,0.00600000000000005,0,0,0,0,0,0.250720439442995,0
0.0180706089988492,-0.000691774473474717,0.283018462705986,0.00600000000000005,0,0,0,0,0,0.249314117323093,0
0.0180805504076958,-0.000688959812701311,0.283230310596115,0.00600000000000005,0,0,0,0,0,0.247910693471019,0
0.0180904918165425,-0.000686143051956121,0.283440964073498,0.00600000000000005,0,0,0,0,0,0.246510171568593,0
0.0181004332253891,-0.00068332420311394,0.283650425609543,0.00600000000000005,0,0,0,0,0,0.245112555206412,0
0.0181103746342358,-0.000680503278024042,0.283858697677292,0.00600000000000005,0,0,0,0,0,0.243717847884424,0
0.0181203160430824,-0.000677680288510184,0.284065782751414,0.00600000000000005,0,0,0,0,0,0.242326053012505,0
0.0181302574519291,-0.000674855246370607,0.284271683308206,0.00600000000000005,0,0,0,0,0,0.240937173911032,0
0.0181401988607757,-0.000672028163378032,0.284476401825596,0.00600000000000005,0,0,0,0,0,0.239551213811454,0
0.0181501402696223,-0.000669199051279666,0.28467994078314,0.00600000000000005,0,0,0,0,0,0.238168175856867,0
0.018160081678469,-0.000666367921797196,0.284882302662025,0.00600000000000005,0,0,0,0,0,0.236788063102583,0
0.0181700230873156,-0.000663534786626792,0.285083489945063,0.00600000000000005,0,0,0,0,0,0.235410878516699,0
0.0181799644961623,-0.000660699657439107,0.2852835051167,0.00600000000000005,0,0,0,0,0,0.234036624980668,0
0.0181899059050089,-0.000657862545879276,0.285482350663008,0.00600000000000005,0,0,0,0,0,0.232665305289863,0
0.0181998473138556,-0.000655023463566918,0.28568002907169,0.00600000000000005,0,0,0,0,0,0.231296922154146,0
0.0182097887227022,-0.000652182422096132,0.285876542832075,0.00600000000000005,0,0,0,0,0,0.22993147819843,0
0.0182197301315488,-0.000649339433035502,0.286071894435125,0.00600000000000005,0,0,0,0,0,0.228568975963246,0
0.0182296715403955,-0.000646494507928094,0.286266086373429,0.00600000000000005,0,0,0,0,0,0.227209417905305,0
0.0182396129492421,-0.000643647658291456,0.286459121141206,0.00600000000000005,0,0,0,0,0,0.225852806398057,0
0.0182495543580888,-0.000640798895617619,0.286651001234302,0.00600000000000005,0,0,0,0,0,0.224499143732252,0
0.0182594957669354,-0.000637948231373095,0.286841729150195,0.00600000000000005,0,0,0,0,0,0.2231484321165,0
0.0182694371757821,-0.000635095676998882,0.28703130738799,0.00600000000000005,0,0,0,0,0,0.221800673677829,0
0.0182793785846287,-0.000632241243910457,0.287219738448422,0.00600000000000005,0,0,0,0,0,0.220455870462237,0
0.0182893199934754,-0.000629384943497782,0.287407024833856,0.00600000000000005,0,0,0,0,0,0.219114024435253,0
0.018299261402322,-0.000626526787125301,0.287593169048285,0.00600000000000005,0,0,0,0,0,0.217775137482485,0
0.0183092028111686,-0.000623666786131939,0.28777817359733,0.00600000000000005,0,0,0,0,0,0.216439211410174,0
0.0183191442200153,-0.000620804951831105,0.287962040988244,0.00600000000000005,0,0,0,0,0,0.215106247945747,0
0.0183290856288619,-0.000617941295510692,0.288144773729906,0.00600000000000005,0,0,0,0,0,0.213776248738362,0
0.0183390270377086,-0.000615075828433072,0.288326374332827,0.00600000000000005,0,0,0,0,0,0.212449215359461,0
0.0183489684465552,-0.000612208561835103,0.288506845309146,0.00600000000000005,0,0,0,0,0,0.211125149303312,0
0.0183589098554019,-0.000609339506928123,0.288686189172629,0.00600000000000005,0,0,0,0,0,0.209804051987554,0
0.0183688512642485,-0.000606468674897955,0.288864408438674,0.00600000000000005,0,0,0,0,0,0.208485924753747,0
0.0183787926730952,-0.000603596076904902,0.289041505624307,0.00600000000000005,0,0,0,0,0,0.207170768867904,0
0.0183887340819418,-0.000600721724083751,0.289217483248184,0.00600000000000005,0,0,0,0,0,0.205858585521041,0
0.0183986754907884,-0.000597845627543772,0.289392343830588,0.00600000000000005,0,0,0,0,0,0.20454937582971,0
0.0184086168996351,-0.000594967798368716,0.289566089893434,0.00600000000000005,0,0,0,0,0,0.203243140836539,0
0.0184185583084817,-0.000592088247616819,0.289738723960263,0.00600000000000005,0,0,0,0,0,0.201939881510769,0
0.0184284997173284,-0.000589206986320797,0.289910248556248,0.00600000000000005,0,0,0,0,0,0.200639598748783,0
0.018438441126175,-0.000586324025487849,0.290080666208189,0.00600000000000005,0,0,0,0,0,0.199342293374649,0
0.0184483825350217,-0.00058343937609966,0.290249979444516,0.00600000000000005,0,0,0,0,0,0.198047966140639,0
0.0184583239438683,-0.000580553049112391,0.290418190795289,0.00600000000000005,0,0,0,0,0,0.19675661772777,0
0.0184682653527149,-0.000577665055456693,0.290585302792194,0.00600000000000005,0,0,0,0,0,0.195468248746324,0
0.0184782067615616,-0.000574775406037694,0.290751317968551,0.00600000000000005,0,0,0,0,0,0.194182859736379,0
0.0184881481704082,-0.000571884111735007,0.290916238859304,0.00600000000000005,0,0,0,0,0,0.192900451168332,0
0.0184980895792549,-0.000568991183402727,0.29108006800103,0.00600000000000005,0,0,0,0,0,0.191621023443422,0
0.0185080309881015,-0.000566096631869432,0.291242807931933,0.00600000000000005,0,0,0,0,0,0.190344576894255,0
0.0185179723969482,-0.000563200467938182,0.291404461191847,0.00600000000000005,0,0,0,0,0,0.189071111785317,0
0.0185279138057948,-0.000560302702386519,0.291565030322234,0.00600000000000005,0,0,0,0,0,0.1878006283135,0
0.0185378552146415,-0.00055740334596647,0.291724517866188,0.00600000000000005,0,0,0,0,0,0.186533126608614,0
0.0185477966234881,-0.000554502409404542,0.291882926368428,0.00600000000000005,0,0,0,0,0,0.185268606733901,0
0.0185577380323347,-0.000551599903401726,0.292040258375305,0.00600000000000005,0,0,0,0,0,0.184007068686553,0
0.0185676794411814,-0.000548695838633495,0.292196516434799,0.00600000000000005,0,0,0,0,0,0.182748512398217,0
0.018577620850028,-0.000545790225749804,0.292351703096517,0.00600000000000005,0,0,0,0,0,0.181492937735511,0
0.0185875622588747,-0.000542883075375091,0.292505820911697,0.00600000000000005,0,0,0,0,0,0.180240344500527,0
0.0185975036677213,-0.000539974398108279,0.292658872433207,0.00600000000000005,0,0,0,0,0,0.17899073243134,0
0.018607445076568,-0.000537064204522769,0.292810860215542,0.00600000000000005,0,0,0,0,0,0.177744101202511,0
0.0186173864854146,-0.000534152505166449,0.292961786814826,0.00600000000000005,0,0,0,0,0,0.176500450425592,0
0.0186273278942612,-0.000531239310561685,0.293111654788814,0.00600000000000005,0,0,0,0,0,0.175259779649622,0
0.0186372693031079,-0.000528324631205331,0.293260466696889,0.00600000000000005,0,0,0,0,0,0.174022088361631,0
0.0186472107119545,-0.000525408477568719,0.293408225100063,0.00600000000000005,0,0,0,0,0,0.172787375987137,0
0.0186571521208012,-0.000522490860097665,0.293554932560977,0.00600000000000005,0,0,0,0,0,0.171555641890636,0
0.0186670935296478,-0.000519571789212468,0.293700591643903,0.00600000000000005,0,0,0,0,0,0.170326885376103,0
0.0186770349384945,-0.000516651275307911,0.293845204914739,0.00600000000000005,0,0,0,0,0,0.169101105687478,0
0.0186869763473411,-0.000513729328753256,0.293988774941015,0.00600000000000005,0,0,0,0,0,0.167878302009162,0
0.0186969177561878,-0.00051080595989225,0.294131304291887,0.00600000000000005,0,0,0,0,0,0.166658473466497,0
0.0187068591650344,-0.000507881179043123,0.294272795538144,0.00600000000000005,0,0,0,0,0,0.16544161912626,0
0.018716800573881,-0.000504954996498586,0.294413251252202,0.00600000000000005,0,0,0,0,0,0.164227737997143,0
0.0187267419827277,-0.000502027422525832,0.294552674008104,0.00600000000000005,0,0,0,0,0,0.163016829030238,0
0.0187366833915743,-0.000499098467366541,0.294691066381527,0.00600000000000005,0,0,0,0,0,0.161808891119516,0
0.018746624800421,-0.000496168141236869,0.294828430949772,0.00600000000000005,0,0,0,0,0,0.160603923102306,0
0.0187565662092676,-0.000493236454327461,0.294964770291774,0.00600000000000005,0,0,0,0,0,0.159401923759775,0
0.0187665076181143,-0.000490303416803439,0.295100086988093,0.00600000000000005,0,0,0,0,0,0.158202891817397,0
0.0187764490269609,-0.000487369038804411,0.295234383620919,0.00600000000000005,0,0,0,0,0,0.157006825945433,0
0.0187863904358075,-0.000484433330444467,0.295367662774075,0.00600000000000005,0,0,0,0,0,0.155813724759397,0
0.0187963318446542,-0.000481496301812179,0.295499927033007,0.00600000000000005,0,0,0,0,0,0.154623586820529,0
0.0188062732535008,-0.000478557963007219,0.295631178878717,0.00600000000000005,0,0,0,0,0,0.153436410651033,0
0.0188162146623475,-0.000475618324291056,0.295761420249502,0.00600000000000005,0,0,0,0,0,0.152252194794944,0
0.0188261560711941,-0.000472677395723794,0.295890653591537,0.00600000000000005,0,0,0,0,0,0.151070937671833,0
0.0188360974800408,-0.000469735187305097,0.296018881452592,0.00600000000000005,0,0,0,0,0,0.14989263763467,0
0.0188460388888874,-0.000466791709010368,0.296146106377408,0.00600000000000005,0,0,0,0,0,0.148717292984908,0
0.0188559802977341,-0.000463846970790743,0.296272330907694,0.00600000000000005,0,0,0,0,0,0.147544901972938,0
0.0188659217065807,-0.000460900982573097,0.296397557582129,0.00600000000000005,0,0,0,0,0,0.146375462798537,0
0.0188758631154273,-0.000457953754260038,0.296521788936362,0.00600000000000005,0,0,0,0,0,0.145208973611314,0
0.018885804524274,-0.000455005295729913,0.296645027503012,0.00600000000000005,0,0,0,0,0,0.144045432511156,0
0.0188957459331206,-0.000452055616836802,0.296767275811667,0.00600000000000005,0,0,0,0,0,0.142884837548673,0
0.0189056873419673,-0.000449104727410524,0.296888536388884,0.00600000000000005,0,0,0,0,0,0.141727186725637,0
0.0189156287508139,-0.000446152637256632,0.297008811758193,0.00600000000000005,0,0,0,0,0,0.14057247799542,0
0.0189255701596606,-0.000443199356156414,0.29712810444009,0.00600000000000005,0,0,0,0,0,0.139420709263436,0
0.0189355115685072,-0.000440244893866898,0.297246416952042,0.00600000000000005,0,0,0,0,0,0.138271878387574,0
0.0189454529773539,-0.000437289260120843,0.297363751808486,0.00600000000000005,0,0,0,0,0,0.137125983178632,0
0.0189553943862005,-0.000434332464626748,0.297480111520828,0.00600000000000005,0,0,0,0,0,0.135983021400748,0
0.0189653357950471,-0.000431374517068846,0.297595498597445,0.00600000000000005,0,0,0,0,0,0.134842990771832,0
0.0189752772038938,-0.000428415427107105,0.297709915543683,0.00600000000000005,0,0,0,0,0,0.133705888963991,0
0.0189852186127404,-0.000425455204377233,0.297823364861857,0.00600000000000005,0,0,0,0,0,0.132571713603958,0
0.0189951600215871,-0.000422493858490669,0.297935849051253,0.00600000000000005,0,0,0,0,0,0.131440462273514,0
0.0190051014304337,-0.000419531399034592,0.298047370608124,0.00600000000000005,0,0,0,0,0,0.13031213250991,0
0.0190150428392804,-0.000416567835571914,0.298157932025697,0.00600000000000005,0,0,0,0,0,0.129186721806291,0
0.019024984248127,-0.000413603177641285,0.298267535794166,0.00600000000000005,0,0,0,0,0,0.128064227612108,0
0.0190349256569737,-0.00041063743475709,0.298376184400693,0.00600000000000005,0,0,0,0,0,0.126944647333539,0
0.0190448670658203,-0.00040767061640945,0.298483880329415,0.00600000000000005,0,0,0,0,0,0.125827978333901,0
0.0190548084746669,-0.000404702732064224,0.298590626061433,0.00600000000000005,0,0,0,0,0,0.124714217934064,0
0.0190647498835136,-0.000401733791163002,0.298696424074821,0.00600000000000005,0,0,0,0,0,0.123603363412862,0
0.0190746912923602,-0.000398763803123117,0.298801276844621,0.00600000000000005,0,0,0,0,0,0.122495412007496,0
0.0190846327012069,-0.000395792777337631,0.298905186842847,0.00600000000000005,0,0,0,0,0,0.12139036091395,0
0.0190945741100535,-0.000392820723175348,0.299008156538481,0.00600000000000005,0,0,0,0,0,0.120288207287387,0
0.0191045155189002,-0.000389847649980802,0.299110188397474,0.00600000000000005,0,0,0,0,0,0.119188948242555,0
0.0191144569277468,-0.000386873567074269,0.299211284882748,0.00600000000000005,0,0,0,0,0,0.11809258085419,0
0.0191243983365934,-0.000383898483751757,0.299311448454195,0.00600000000000005,0,0,0,0,0,0.11699910215741,0
0.0191343397454401,-0.000380922409285011,0.299410681568676,0.00600000000000005,0,0,0,0,0,0.115908509148115,0
0.0191442811542867,-0.000377945352921513,0.299508986680021,0.00600000000000005,0,0,0,0,0,0.114820798783382,0
0.0191542225631334,-0.000374967323884479,0.29960636623903,0.00600000000000005,0,0,0,0,0,0.113735967981854,0
0.01916416397198,-0.000371988331372863,0.299702822693475,0.00600000000000005,0,0,0,0,0,0.112654013624136,0
0.0191741053808267,-0.000369008384561353,0.299798358488094,0.00600000000000005,0,0,0,0,0,0.111574932553181,0
0.0191840467896733,-0.000366027492600375,0.299892976064597,0.00600000000000005,0,0,0,0,0,0.110498721574678,0
0.01919398819852,-0.00036304566461609,0.299986677861664,0.00600000000000005,0,0,0,0,0,0.109425377457435,0
0.0192039296073666,-0.000360062909710394,0.300079466314943,0.00600000000000005,0,0,0,0,0,0.108354896933766,0
0.0192138710162132,-0.000357079236960922,0.300171343857053,0.00600000000000005,0,0,0,0,0,0.107287276699867,0
0.0192238124250599,-0.000354094655421041,0.300262312917583,0.00600000000000005,0,0,0,0,0,0.1062225134162,0
0.0192337538339065,-0.000351109174119858,0.30035237592309,0.00600000000000005,0,0,0,0,0,0.105160603707866,0
0.0192436952427532,-0.000348122802062212,0.300441535297102,0.00600000000000005,0,0,0,0,0,0.104101544164984,0
0.0192536366515998,-0.000345135548228681,0.300529793460116,0.00600000000000005,0,0,0,0,0,0.103045331343061,0
0.0192635780604465,-0.000342147421575578,0.3006171528296,0.00600000000000005,0,0,0,0,0,0.101991961763366,0
0.0192735194692931,-0.000339158431034952,0.300703615819991,0.00600000000000005,0,0,0,0,0,0.100941431913296,0
0.0192834608781397,-0.000336168585514587,0.300789184842694,0.00600000000000005,0,0,0,0,0,0.099893738246747,0
0.0192934022869864,-0.000333177893898005,0.300873862306086,0.00600000000000005,0,0,0,0,0,0.0988488771844779,0
0.019303343695833,-0.000330186365044463,0.300957650615514,0.00600000000000005,0,0,0,0,0,0.097806845114473,0
0.0193132851046797,-0.000327194007788953,0.301040552173292,0.00600000000000005,0,0,0,0,0,0.096767638392305,0
0.0193232265135263,-0.000324200830942204,0.301122569378705,0.00600000000000005,0,0,0,0,0,0.0957312533414936,0
0.019333167922373,-0.000321206843290681,0.30120370462801,0.00600000000000005,0,0,0,0,0,0.0946976862538637,0
0.0193431093312196,-0.000318212053596586,0.30128396031443,0.00600000000000005,0,0,0,0,0,0.0936669333899007,0
0.0193530507400663,-0.000315216470597854,0.30136333882816,0.00600000000000005,0,0,0,0,0,0.0926389909791045,0
0.0193629921489129,-0.000312220103008159,0.301441842556364,0.00600000000000005,0,0,0,0,0,0.091613855220341,0
0.0193729335577595,-0.000309222959516909,0.301519473883176,0.00600000000000005,0,0,0,0,0,0.0905915222821926,0
0.0193828749666062,-0.00030622504878925,0.301596235189698,0.00600000000000005,0,0,0,0,0,0.0895719883033048,0
0.0193928163754528,-0.000303226379466061,0.301672128854006,0.00600000000000005,0,0,0,0,0,0.0885552493927337,0
0.0194027577842995,-0.00030022696016396,0.30174715725114,0.00600000000000005,0,0,0,0,0,0.087541301630289,0
0.0194126991931461,-0.0002972267994753,0.301821322753115,0.00600000000000005,0,0,0,0,0,0.0865301410668763,0
0.0194226406019928,-0.000294225905968169,0.301894627728911,0.00600000000000005,0,0,0,0,0,0.0855217637248376,0
0.0194325820108394,-0.000291224288186392,0.301967074544482,0.00600000000000005,0,0,0,0,0,0.0845161655982891,0
0.0194425234196861,-0.00028822195464953,0.302038665562748,0.00600000000000005,0,0,0,0,0,0.0835133426534577,0
0.0194524648285327,-0.000285218913852879,0.302109403143601,0.00600000000000005,0,0,0,0,0,0.0825132908290158,0
0.0194624062373793,-0.000282215174267472,0.302179289643903,0.00600000000000005,0,0,0,0,0,0.0815160060364128,0
0.019472347646226,-0.000279210744340078,0.302248327417483,0.00600000000000005,0,0,0,0,0,0.0805214841602067,0
0.0194822890550726,-0.000276205632493201,0.302316518815142,0.00600000000000005,0,0,0,0,0,0.0795297210583921,0
0.0194922304639193,-0.000273199847125082,0.302383866184651,0.00600000000000005,0,0,0,0,0,0.0785407125627269,0
0.0195021718727659,-0.000270193396609698,0.30245037187075,0.00600000000000005,0,0,0,0,0,0.0775544544790577,0
0.0195121132816126,-0.000267186289296761,0.302516038215147,0.00600000000000005,0,0,0,0,0,0.0765709425876422,0
0.0195220546904592,-0.000264178533511719,0.302580867556522,0.00600000000000005,0,0,0,0,0,0.07559017264347,0
0.0195319960993058,-0.000261170137555758,0.302644862230524,0.00600000000000005,0,0,0,0,0,0.0746121403765826,0
0.0195419375081525,-0.000258161109705798,0.302708024569772,0.00600000000000005,0,0,0,0,0,0.0736368414923897,0
0.0195518789169991,-0.000255151458214495,0.302770356903854,0.00600000000000005,0,0,0,0,0,0.072664271671985,0
0.0195618203258458,-0.000252141191310243,0.302831861559327,0.00600000000000005,0,0,0,0,0,0.0716944265724597,0
0.0195717617346924,-0.000249130317197168,0.302892540859721,0.00600000000000005,0,0,0,0,0,0.0707273018272134,0
0.0195817031435391,-0.000246118844055137,0.302952397125531,0.00600000000000005,0,0,0,0,0,0.069762893046265,0
0.0195916445523857,-0.00024310678003975,0.303011432674226,0.00600000000000005,0,0,0,0,0,0.0688011958165592,0
0.0196015859612324,-0.000240094133282342,0.303069649820242,0.00600000000000005,0,0,0,0,0,0.0678422057022732,0
0.019611527370079,-0.000237080911889987,0.303127050874985,0.00600000000000005,0,0,0,0,0,0.0668859182451204,0
0.0196214687789256,-0.000234067123945493,0.303183638146832,0.00600000000000005,0,0,0,0,0,0.065932328964653,0
0.0196314101877723,-0.000231052777507404,0.303239413941129,0.00600000000000005,0,0,0,0,0,0.0649814333585617,0
0.0196413515966189,-0.00022803788061,0.303294380560191,0.00600000000000005,0,0,0,0,0,0.0640332269029747,0
0.0196512930054656,-0.000225022441263299,0.303348540303303,0.00600000000000005,0,0,0,0,0,0.0630877050527543,0
0.0196612344143122,-0.000222006467453052,0.303401895466721,0.00600000000000005,0,0,0,0,0,0.0621448632417912,0
0.0196711758231589,-0.000218989967140749,0.303454448343669,0.00600000000000005,0,0,0,0,0,0.0612046968832979,0
0.0196811172320055,-0.000215972948263612,0.303506201224342,0.00600000000000005,0,0,0,0,0,0.0602672013700994,0
0.0196910586408521,-0.000212955418734603,0.303557156395904,0.00600000000000005,0,0,0,0,0,0.0593323720749229,0
0.0197010000496988,-0.000209937386442418,0.303607316142488,0.00600000000000005,0,0,0,0,0,0.0584002043506849,0
0.0197109414585454,-0.000206918859251489,0.303656682745198,0.00600000000000005,0,0,0,0,0,0.0574706935307766,0
0.0197208828673921,-0.000203899845001985,0.303705258482107,0.00600000000000005,0,0,0,0,0,0.0565438349293483,0
0.0197308242762387,-0.00020088035150981,0.303753045628259,0.00600000000000005,0,0,0,0,0,0.0556196238415907,0
0.0197407656850854,-0.000197860386566604,0.303800046455665,0.00600000000000005,0,0,0,0,0,0.0546980555440153,0
0.019750707093932,-0.000194839957939743,0.303846263233307,0.00600000000000005,0,0,0,0,0,0.0537791252947326,0
0.0197606485027787,-0.00019181907337234,0.303891698227139,0.00600000000000005,0,0,0,0,0,0.052862828333729,0
0.0197705899116253,-0.000188797740583243,0.303936353700081,0.00600000000000005,0,0,0,0,0,0.051949159883141,0
0.0197805313204719,-0.000185775967267036,0.303980231912025,0.00600000000000005,0,0,0,0,0,0.0510381151475287,0
0.0197904727293186,-0.000182753761094039,0.304023335119832,0.00600000000000005,0,0,0,0,0,0.0501296893141461,0
0.0198004141381652,-0.000179731129846042,0.304065665526422,0.00600000000000005,0,0,0,0,0,0.0492238775938261,0
0.0198103555470119,-0.000176708081711655,0.304107225164873,0.00600000000000005,0,0,0,0,0,0.0483206753087436,0
0.0198202969558585,-0.000173684624371103,0.304148016240282,0.00600000000000005,0,0,0,0,0,0.0474200776185437,0
0.0198302383647052,-0.000170660765424606,0.304188040975348,0.00600000000000005,0,0,0,0,0,0.0465220796498186,0
0.0198401797735518,-0.000167636512452209,0.304227301588252,0.00600000000000005,0,0,0,0,0,0.0456266765143076,0
0.0198501211823985,-0.000164611873013783,0.304265800292657,0.00600000000000005,0,0,0,0,0,0.0447338633091414,0
0.0198600625912451,-0.00016158685464902,0.304303539297707,0.00600000000000005,0,0,0,0,0,0.0438436351170823,0
0.0198700040000917,-0.000158561464877443,0.304340520808031,0.00600000000000005,0,0,0,0,0,0.0429559870067651,0
0.0198799454089384,-0.000155535711198393,0.304376747023737,0.00600000000000005,0,0,0,0,0,0.0420709140329337,0
0.019889886817785,-0.000152509601091042,0.304412220140415,0.00600000000000005,0,0,0,0,0,0.0411884112366792,0
0.0198998282266317,-0.000149483142014382,0.30444694234914,0.00600000000000005,0,0,0,0,0,0.0403084736456739,0
0.0199097696354783,-0.000146456341407232,0.304480915836466,0.00600000000000005,0,0,0,0,0,0.0394310962744049,0
0.019919711044325,-0.000143429206688235,0.304514142784429,0.00600000000000005,0,0,0,0,0,0.0385562741244064,0
0.0199296524531716,-0.000140401745255861,0.304546625370549,0.00600000000000005,0,0,0,0,0,0.037684002184489,0
0.0199395938620182,-0.000137373964488402,0.304578365767827,0.00600000000000005,0,0,0,0,0,0.0368142754309697,0
0.0199495352708649,-0.000134345871743977,0.304609366144746,0.00600000000000005,0,0,0,0,0,0.0359470888278975,0
0.0199594766797115,-0.000131317474360527,0.304639628665271,0.00600000000000005,0,0,0,0,0,0.0350824373272807,0
0.0199694180885582,-0.000128288779655821,0.304669155488848,0.00600000000000005,0,0,0,0,0,0.0342203158693095,0
0.0199793594974048,-0.000125259794927452,0.304697948770407,0.00600000000000005,0,0,0,0,0,0.0333607193825795,0
0.0199893009062515,-0.000122230527452835,0.304726010660358,0.00600000000000005,0,0,0,0,0,0.0325036427843118,0
0.0199992423150981,-0.000119200984489215,0.304753343304594,0.00600000000000005,0,0,0,0,0,0.0316490809805737,0
0.0200091837239448,-0.000116171173273656,0.304779948844491,0.00600000000000005,0,0,0,0,0,0.0307970288664953,0
0.0200191251327914,-0.000113141101023052,0.304805829416905,0.00600000000000005,0,0,0,0,0,0.0299474813264866,0
0.020029066541638,-0.000110110774934119,0.304830987154175,0.00600000000000005,0,0,0,0,0,0.0291004332344524,0
0.0200390079504847,-0.000107080202183397,0.304855424184122,0.00600000000000005,0,0,0,0,0,0.0282558794540055,0
0.0200489493593313,-0.000104049389927254,0.304879142630048,0.00600000000000005,0,0,0,0,0,0.0274138148386787,0
0.020058890768178,-0.000101018345301881,0.30490214461074,0.00600000000000005,0,0,0,0,0,0.026574234232135,0
0.0200688321770246,-9.79870754232917e-05,0.304924432240462,0.00600000000000005,0,0,0,0,0,0.0257371324683767,0
0.0200787735858713,-9.49555873873285e-05,0.304946007628965,0.00600000000000005,0,0,0,0,0,0.0249025043719527,0
0.0200887149947179,-9.19238882696568e-05,0.304966872881479,0.00600000000000005,0,0,0,0,0,0.0240703447581647,0
0.0200986564035646,-8.88919851257663e-05,0.304987030098717,0.00600000000000005,0,0,0,0,0,0.0232406484332707,0
0.0201085978124112,-8.58598849909725e-05,0.305006481376874,0.00600000000000005,0,0,0,0,0,0.0224134101946892,0
0.0201185392212578,-8.2827594880415e-05,0.305025228807626,0.00600000000000005,0,0,0,0,0,0.0215886248311999,0
0.0201284806301045,-7.97951217890589e-05,0.305043274478133,0.00600000000000005,0,0,0,0,0,0.0207662871231441,0
0.0201384220389511,-7.67624726916933e-05,0.305060620471035,0.00600000000000005,0,0,0,0,0,0.0199463918426229,0
0.0201483634477978,-7.3729654542933e-05,0.305077268864454,0.00600000000000005,0,0,0,0,0,0.0191289337536948,0
0.0201583048566444,-7.06966742772167e-05,0.305093221731997,0.00600000000000005,0,0,0,0,0,0.0183139076125708,0
0.0201682462654911,-6.7663538808809e-05,0.305108481142749,0.00600000000000005,0,0,0,0,0,0.0175013081678096,0
0.0201781876743377,-6.46302550317982e-05,0.305123049161279,0.00600000000000005,0,0,0,0,0,0.0166911301605092,0
0.0201881290831843,-6.15968298200982e-05,0.305136927847638,0.00600000000000005,0,0,0,0,0,0.015883368324499,0
0.020198070492031,-5.85632700274473e-05,0.305150119257358,0.00600000000000005,0,0,0,0,0,0.0150780173865298,0
0.0202080119008776,-5.55295824874092e-05,0.305162625441456,0.00600000000000005,0,0,0,0,0,0.0142750720664622,0
0.0202179533097243,-5.24957740133714e-05,0.305174448446426,0.00600000000000005,0,0,0,0,0,0.0134745270774532,0
0.0202278947185709,-4.94618513985472e-05,0.305185590314248,0.00600000000000005,0,0,0,0,0,0.0126763771261431,0
0.0202378361274176,-4.64278214159741e-05,0.305196053082383,0.00600000000000005,0,0,0,0,0,0.0118806169128384,0
0.0202477775362642,-4.3393690818515e-05,0.305205838783773,0.00600000000000005,0,0,0,0,0,0.0110872411316961,0
0.0202577189451109,-4.03594663388568e-05,0.305214949446843,0.00600000000000005,0,0,0,0,0,0.0102962444709039,0
0.0202676603539575,-3.73251546895119e-05,0.3052233870955,0.00600000000000005,0,0,0,0,0,0.00950762161286162,0
0.0202776017628041,-3.42907625628177e-05,0.305231153749132,0.00600000000000005,0,0,0,0,0,0.00872136723435896,0
0.0202875431716508,-3.12562966309353e-05,0.30523825142261,0.00600000000000005,0,0,0,0,0,0.00793747600675315,0
0.0202974845804974,-2.82217635458519e-05,0.305244682126287,0.00600000000000005,0,0,0,0,0,0.0071559425961456,0
0.0203074259893441,-2.51871699393786e-05,0.305250447865997,0.00600000000000005,0,0,0,0,0,0.0063767616635555,0
0.0203173673981907,-2.21525224231522e-05,0.305255550643057,0.00600000000000005,0,0,0,0,0,0.00559992786509422,0
0.0203273088070374,-1.91178275886327e-05,0.305259992454266,0.00600000000000005,0,0,0,0,0,0.00482543585213607,0
0.020337250215884,-1.60830920071075e-05,0.305263775291904,0.00600000000000005,0,0,0,0,0,0.00405328027149032,0
0.0203471916247306,-1.30483222296863e-05,0.305266901143733,0.00600000000000005,0,0,0,0,0,0.0032834557655691,0
0.0203571330335773,-1.00135247873051e-05,0.305269371992999,0.00600000000000005,0,0,0,0,0,0.00251595697255624,0
0.0203670744424239,-6.97870619072386e-06,0.305271189818428,0.00600000000000005,0,0,0,0,0,0.00175077852657346,0
0.0203770158512706,-3.94387293052838e-06,0.305272356594229,0.00600000000000005,0,0,0,0,0,0.000987915057846012,0
0.0203869572601172,-9.09031477128115e-07,0.305272874290092,0.00600000000000005,0,0,0,0,0,0.000227361192866093,0
0.0203899350259828,8.13151629364128e-20,0.305272903322214,0.00600000000000005,0,0,0,0,0,-2.77555756156289e-17,0
